CustomerID,FirstName,LastName,Email,Phone,City,State,Country,CreatedDate
1,Debra,Lewis,debra.lewis@gmail.com,446.486.3778,East Kaitlinmouth,WV,USA,2024-01-06
2,Brian,Harrison,brian.harrison@yahoo.com,+1-255-767-6616,Lindsayville,AZ,USA,2024-03-01
3,Tina,Mercado,tina.mercado@yahoo.com,6686545195,North Christopherview,WV,USA,2025-10-23
4,Ashley,Pittman,ashley.pittman@hotmail.com,329.722.1132x96876,Youngfort,ME,USA,2024-11-24
5,Amber,Herman,amber.herman@yahoo.com,+1-204-691-7136,Sarahburgh,TN,USA,2024-01-18
6,John,Gibson,john.gibson@yahoo.com,+1-554-393-2349x9068,Port Nichole,CT,USA,2025-07-10
7,John,Harrison,john.harrison@yahoo.com,(290)640-7379x14065,Williamschester,MN,USA,2024-07-23
8,David,Green,david.green@hotmail.com,(355)706-4052,Jeremyville,MT,USA,2023-11-25
9,Kelly,Williams,kelly.williams@yahoo.com,+1-750-982-7012x60806,Mayfurt,UT,USA,2025-08-06
10,Katherine,Reed,katherine.reed@yahoo.com,(623)822-9103,Taylorfort,IA,USA,2025-07-27
11,Kristin,Walsh,kristin.walsh@hotmail.com,001-433-473-4444x63313,South Nancychester,IL,USA,2025-10-17
12,Thomas,Carter,thomas.carter@hotmail.com,+1-823-884-2817x9567,Lake Michaelfort,TX,USA,2025-10-03
13,Christopher,Wright,christopher.wright@yahoo.com,001-567-436-2765x88074,Lake Normanport,MD,USA,2024-01-06
14,Steven,Hawkins,steven.hawkins@gmail.com,+1-812-507-0607,South Katherine,TN,USA,2023-12-30
15,Alan,Maldonado,alan.maldonado@yahoo.com,719.556.9785x82820,East Maria,NJ,USA,2024-03-01
16,Adam,Camacho,adam.camacho@yahoo.com,4177066882,Nathanburgh,KY,USA,2025-05-02
17,Maria,Rodriguez,maria.rodriguez@hotmail.com,(693)547-2382,Port Matthewland,ME,USA,2024-05-28
18,Eugene,Landry,eugene.landry@hotmail.com,001-537-438-0186x164,Cummingsbury,NM,USA,2025-07-05
19,Todd,Walker,todd.walker@yahoo.com,,East Robert,AL,USA,2025-06-02
20,Becky,Gonzales,becky.gonzales@yahoo.com,001-284-960-1886x1403,Christinamouth,KS,USA,2025-03-07
21,Michael,Lopez,michael.lopez@hotmail.com,(294)201-2077,Michellehaven,CO,USA,2025-10-05
22,Vanessa,Liu,vanessa.liu@yahoo.com,+1-244-288-8924,Melissafort,IL,USA,2024-05-23
23,Dale,Willis,dale.willis@yahoo.com,(627)870-6037x3524,Robbinsburgh,AR,USA,2024-11-20
24,Jennifer,Bates,jennifer.bates@hotmail.com,809-949-6004,East Larry,SC,USA,2023-11-16
25,Chelsea,Wilson,chelsea.wilson@yahoo.com,539.554.4046x28604,Lake Nicholas,AK,USA,2024-11-16
26,Robert,Wagner,robert.wagner@hotmail.com,,Lorishire,LA,USA,2024-02-16
27,Timothy,Moore,timothy.moore@yahoo.com,(390)559-8505,Walkerfort,MT,USA,2024-10-02
28,Shannon,Brown,shannon.brown@gmail.com,645-827-3196x66580,East David,WY,USA,2024-10-05
29,John,Vega,john.vega@gmail.com,940.296.2770,North Timothy,HI,USA,2025-10-06
30,Michelle,Shah,michelle.shah@yahoo.com,5754432689,Petersonchester,WV,USA,2024-10-08
31,Jessica,Turner,jessica.turner@yahoo.com,(935)639-4322x4019,New Joel,CT,USA,2025-05-15
32,Cynthia,Miller,cynthia.miller@gmail.com,650.524.8146x832,North Richard,NC,USA,2024-10-22
33,Scott,Thompson,scott.thompson@yahoo.com,513-205-1483,Jacksonport,ID,USA,2024-05-23
34,Rebekah,Jenkins,rebekah.jenkins@gmail.com,001-657-769-7954x267,Port Kathleenshire,WV,USA,2025-09-02
35,William,Mckinney,william.mckinney@hotmail.com,699-726-9200,New Johnchester,KY,USA,2024-04-14
36,Joseph,Santos,joseph.santos@hotmail.com,+1-827-301-0074x896,South Andrewview,MD,USA,2025-08-16
37,Trevor,Rice,trevor.rice@yahoo.com,(287)545-0604,Michelletown,AK,USA,2025-07-20
38,Gabriel,Montoya,gabriel.montoya@yahoo.com,502-338-3357x91824,Brauntown,LA,USA,2024-09-22
39,Cynthia,Zuniga,cynthia.zuniga@hotmail.com,001-787-449-3232x808,Michaelberg,KS,USA,2024-04-05
40,Zachary,Garcia,zachary.garcia@hotmail.com,001-857-990-6927x464,Harrisview,PA,USA,2025-07-08
41,Steven,Mendoza,steven.mendoza@yahoo.com,604-987-8469,New Jamesport,WA,USA,2025-08-19
42,Joseph,Anderson,joseph.anderson@hotmail.com,411-967-7562x60912,Reginaldville,GA,USA,2025-03-17
43,Jacob,Rivera,jacob.rivera@hotmail.com,+1-543-593-3205x9895,South Edward,OR,USA,2023-11-22
44,Robert,Zamora,robert.zamora@hotmail.com,6242526776,Jackville,PA,USA,2025-05-30
45,Nicholas,Smith,nicholas.smith@hotmail.com,001-833-787-4917,Matthewland,MT,USA,2025-02-21
46,Robert,Williams,robert.williams@hotmail.com,001-370-569-1355x3673,North Christopher,NM,USA,2025-02-26
47,Christopher,Davis,christopher.davis@yahoo.com,,Johnland,SC,USA,2024-04-06
48,Makayla,White,makayla.white@hotmail.com,(494)437-0108,Smithfurt,WV,USA,2024-03-25
49,Jennifer,Malone,jennifer.malone@yahoo.com,3996175233,Meganstad,ME,USA,2024-12-07
50,Diana,Carrillo,diana.carrillo@hotmail.com,+1-373-473-3035,New Kimberly,NY,USA,2025-04-07
51,Michael,Gardner,michael.gardner@yahoo.com,001-894-392-6739x39662,Johnsonstad,CA,USA,2025-02-02
52,Shannon,Schmidt,shannon.schmidt@hotmail.com,771-364-7489x78906,Becktown,ME,USA,2025-02-13
53,Carolyn,Morris,carolyn.morris@gmail.com,001-417-236-3641x95812,Watkinsberg,DE,USA,2024-05-04
54,Katherine,Smith,katherine.smith@hotmail.com,(369)652-3080,Brownside,SD,USA,2024-02-27
55,Stacy,Zuniga,stacy.zuniga@hotmail.com,001-437-206-1335x023,East Thomas,GA,USA,2024-06-10
56,William,Snow,william.snow@hotmail.com,001-875-295-2016x73048,Jameschester,WY,USA,2025-04-19
57,Scott,Martinez,scott.martinez@hotmail.com,374-554-3013,Jasonberg,NY,USA,2025-04-12
58,Michael,Smith,michael.smith@yahoo.com,314.973.4544x47571,Justinborough,WY,USA,2025-08-26
59,Tammy,Glenn,tammy.glenn@yahoo.com,448.593.7676,New Matthew,UT,USA,2025-02-28
60,Phillip,Hammond,phillip.hammond@yahoo.com,5934440093,Brownville,WY,USA,2023-11-27
61,Jesus,Richards,jesus.richards@gmail.com,950.387.2350x5422,South Christopherchester,MN,USA,2024-08-15
62,Haley,Smith,haley.smith@yahoo.com,(572)413-4878,New Crystal,GA,USA,2024-07-24
63,Nichole,Stone,nichole.stone@yahoo.com,966-917-3029x69542,Beanbury,MI,USA,2024-11-19
64,William,Gonzales,william.gonzales@hotmail.com,967-407-0749,Brownburgh,RI,USA,2023-12-14
65,Erik,Rodriguez,erik.rodriguez@yahoo.com,(278)736-8070,Haleside,IA,USA,2025-04-08
66,Charles,Santos,charles.santos@hotmail.com,+1-964-650-1672,Hayleymouth,IA,USA,2025-05-01
67,Angelica,Williams,angelica.williams@hotmail.com,341-954-1413x43580,New Ryan,OK,USA,2025-10-03
68,Chelsea,Foley,chelsea.foley@gmail.com,(856)380-4762,Camposfort,HI,USA,2025-01-18
69,Laurie,Clark,laurie.clark@yahoo.com,(862)566-7626x31648,Williamview,LA,USA,2025-09-20
70,Katelyn,Jacobs,katelyn.jacobs@yahoo.com,(824)858-1848x42312,South Amyshire,ID,USA,2025-06-24
71,Amy,Stuart,amy.stuart@yahoo.com,001-698-494-1710x0794,New Josephville,MO,USA,2025-07-08
72,Samantha,Norton,samantha.norton@yahoo.com,762-984-0799x35633,Millerbury,AZ,USA,2025-10-11
73,Laura,Hayes,laura.hayes@hotmail.com,(805)717-5145x7929,Laurenton,AL,USA,2025-06-28
74,Michael,Guerrero,michael.guerrero@yahoo.com,+1-389-710-1737,South Drewchester,ID,USA,2023-12-27
75,Manuel,Moreno,manuel.moreno@yahoo.com,478-780-9592,South Wesleyton,SC,USA,2024-07-14
76,Joseph,Bradley,joseph.bradley@hotmail.com,+1-583-908-8372x7524,West Samantha,IL,USA,2025-07-07
77,Sonia,Roberson,sonia.roberson@hotmail.com,,New Joshuachester,IL,USA,2025-08-25
78,Robert,Price,robert.price@yahoo.com,750.333.8219,Danielletown,AK,USA,2024-03-25
79,Austin,Stokes,austin.stokes@hotmail.com,001-289-738-2644x990,Hillview,WA,USA,2024-01-25
80,Melanie,Schultz,melanie.schultz@gmail.com,+1-254-205-7369x965,East Yolanda,LA,USA,2024-09-03
81,Monica,Martin,monica.martin@gmail.com,7466433627,Port Michelletown,NC,USA,2025-03-26
82,Yolanda,Martin,yolanda.martin@yahoo.com,755-638-0937,Abigailmouth,ME,USA,2025-03-27
83,Natalie,Good,natalie.good@yahoo.com,001-370-941-7403x748,Brycefort,MA,USA,2023-11-13
84,Joseph,Clements,joseph.clements@yahoo.com,7505851197,Port Kyle,OH,USA,2025-08-24
85,Joseph,Griffin,joseph.griffin@yahoo.com,977.584.2426x228,Salinasview,RI,USA,2024-10-28
86,James,Padilla,james.padilla@gmail.com,251-476-8892x2458,North Lisafort,CT,USA,2024-04-07
87,Robert,Wilson,robert.wilson@hotmail.com,411.409.4645x07353,East Josephfurt,PA,USA,2025-01-20
88,Kim,Jones,kim.jones@hotmail.com,662-228-4212x412,North David,NY,USA,2025-02-12
89,Jonathan,Brown,jonathan.brown@gmail.com,947.813.7425,New Jamesmouth,OR,USA,2024-10-31
90,Calvin,Tucker,calvin.tucker@gmail.com,839-902-5767,West Joelland,TX,USA,2024-06-19
91,Charles,Mendoza,charles.mendoza@hotmail.com,(706)742-7778,Hughesmouth,IA,USA,2024-01-01
92,Melissa,Wall,melissa.wall@gmail.com,200-686-2520x534,Jakemouth,NC,USA,2024-06-15
93,Pamela,Turner,pamela.turner@yahoo.com,228.801.7583x29840,New Donaldmouth,MO,USA,2024-11-22
94,Dillon,Osborn,dillon.osborn@gmail.com,+1-946-475-3012x383,Lake Roymouth,MI,USA,2025-03-15
95,Joshua,Rhodes,joshua.rhodes@hotmail.com,+1-859-273-5032,South Melissaview,NE,USA,2025-06-15
96,Shannon,Thompson,shannon.thompson@yahoo.com,(989)999-9496x554,Rogerstown,NV,USA,2024-03-01
97,Alexander,Holmes,alexander.holmes@gmail.com,5074950006,Brianside,AL,USA,2025-09-05
98,Brian,Carter,brian.carter@gmail.com,4075954378,West Robin,MT,USA,2025-01-16
99,Christopher,Morales,christopher.morales@hotmail.com,+1-802-965-3274x09487,Jessicaside,NH,USA,2024-03-18
100,Christian,Villarreal,christian.villarreal@gmail.com,(314)624-1726x073,Port Jamesmouth,NM,USA,2024-04-23
101,Kayla,Collins,kayla.collins@hotmail.com,001-925-812-8143x3477,North Loristad,ME,USA,2023-12-29
102,Kimberly,Macias,kimberly.macias@yahoo.com,6868552505,South Dawn,IL,USA,2024-12-22
103,Thomas,Harvey,thomas.harvey@gmail.com,890-906-7235,West Laurastad,AK,USA,2023-11-15
104,Susan,Smith,susan.smith@gmail.com,971.972.2504,North Johnton,NE,USA,2024-04-15
105,Diana,Barrett,diana.barrett@hotmail.com,861-885-4495,Port Travis,UT,USA,2024-10-26
106,Katherine,Smith,katherine.smith@yahoo.com,960.292.3965x112,New Amanda,MS,USA,2024-01-11
107,Linda,Garcia,linda.garcia@hotmail.com,423.924.2079,Heatherville,IA,USA,2024-03-09
108,Monica,Proctor,monica.proctor@hotmail.com,,Lake Joseph,KS,USA,2025-01-01
109,Juan,Lee,juan.lee@hotmail.com,(709)334-7496,West Kathy,SD,USA,2024-12-10
110,Joshua,Gonzalez,joshua.gonzalez@gmail.com,(263)402-8258x23890,Heidishire,AK,USA,2024-09-14
111,Cassidy,Morales,cassidy.morales@yahoo.com,991.408.1720,Kristinside,ID,USA,2025-01-18
112,Brian,Reynolds,brian.reynolds@gmail.com,244-981-3148x70712,Antoniofort,DE,USA,2023-11-19
113,Kevin,Huff,kevin.huff@hotmail.com,(850)629-0017x9129,New Doris,NJ,USA,2024-02-18
114,David,Harris,david.harris@yahoo.com,400-720-3518x48321,Port John,NY,USA,2024-03-11
115,Lisa,Ware,lisa.ware@gmail.com,,Kinghaven,NV,USA,2024-11-08
116,Thomas,Allen,thomas.allen@hotmail.com,001-256-606-4172x1507,East Melissaton,NM,USA,2025-09-25
117,Samantha,Smith,samantha.smith@yahoo.com,+1-779-625-4045,Erinshire,ME,USA,2024-02-07
118,Seth,Cox,seth.cox@yahoo.com,+1-712-613-4531x417,Jasonfurt,RI,USA,2024-02-15
119,Jennifer,Moss,jennifer.moss@yahoo.com,(539)808-6308x02445,Jasonbury,CA,USA,2025-07-05
120,Marie,Valenzuela,marie.valenzuela@gmail.com,(248)569-9634x596,West Josephfort,UT,USA,2024-11-18
121,Eugene,Simmons,eugene.simmons@yahoo.com,+1-218-753-9524,Danielville,UT,USA,2023-12-24
122,Tiffany,Cordova,tiffany.cordova@gmail.com,496-291-3112,Coryview,MO,USA,2024-05-18
123,Jennifer,Day,jennifer.day@yahoo.com,001-362-465-7341x9784,Robbinsshire,AK,USA,2025-05-22
124,Trevor,Cook,trevor.cook@hotmail.com,743-849-4891,East Miranda,WA,USA,2024-10-02
125,Teresa,Obrien,teresa.obrien@hotmail.com,+1-241-324-1396,Samanthaland,LA,USA,2025-04-17
126,Carolyn,Rodriguez,carolyn.rodriguez@hotmail.com,610-218-0722x3560,Bryanstad,MS,USA,2025-06-30
127,William,Smith,william.smith@gmail.com,001-703-570-2723x203,Lisaport,NV,USA,2023-12-21
128,Chad,Crawford,chad.crawford@yahoo.com,560-670-2844x0846,Port Diana,FL,USA,2025-02-16
129,Shannon,Dawson,shannon.dawson@yahoo.com,816.859.5748,Brianchester,VT,USA,2024-06-27
130,Gary,Nixon,gary.nixon@yahoo.com,(274)284-8640x82396,West Sean,GA,USA,2025-06-08
131,Amy,Bishop,amy.bishop@yahoo.com,535.612.3325x24207,South Mariah,LA,USA,2024-06-25
132,Erika,Wilson,erika.wilson@hotmail.com,+1-572-207-1429x9025,East Luis,LA,USA,2025-10-18
133,Sarah,Jones,sarah.jones@gmail.com,001-969-765-8325,Garzaberg,MS,USA,2025-10-31
134,Joel,Dickson,joel.dickson@yahoo.com,248.263.6183x4569,Kirstenport,FL,USA,2024-04-28
135,Daniel,Reid,daniel.reid@gmail.com,001-960-205-9697,Leslieview,MD,USA,2025-03-26
136,Jennifer,Woods,jennifer.woods@hotmail.com,548.238.0483x29656,New Reneeville,UT,USA,2024-04-21
137,Jessica,Weaver,jessica.weaver@yahoo.com,557.952.1760x40042,Romeroport,ID,USA,2025-03-29
138,Jon,Figueroa,jon.figueroa@hotmail.com,(669)716-7353x21546,New Anthony,AR,USA,2024-03-26
139,Mary,Morales,mary.morales@hotmail.com,001-601-277-2371x7953,Jeremiahhaven,GA,USA,2024-03-24
140,Diana,Morales,diana.morales@gmail.com,+1-801-683-1867x356,Ravenburgh,NC,USA,2024-02-05
141,Lisa,Thompson,lisa.thompson@yahoo.com,7885050185,Bakershire,RI,USA,2024-09-10
142,Cynthia,Franklin,cynthia.franklin@yahoo.com,(458)614-5939x81950,Lake Jay,CT,USA,2024-08-30
143,Erin,Hernandez,erin.hernandez@yahoo.com,001-676-289-5558x07973,Nicholsview,TX,USA,2025-03-04
144,Tommy,White,tommy.white@gmail.com,(572)274-8194,Port Tonya,WI,USA,2024-04-12
145,Kimberly,Clark,kimberly.clark@hotmail.com,+1-542-748-0327,North Emilyborough,SD,USA,2024-12-18
146,Katherine,Pope,katherine.pope@hotmail.com,001-285-277-1936x1217,East Jennymouth,LA,USA,2024-08-29
147,Daniel,Smith,daniel.smith@hotmail.com,(952)203-8585,Alisonville,AR,USA,2025-07-29
148,Teresa,Mills,teresa.mills@yahoo.com,371-483-9237x3363,Danielshire,CT,USA,2024-09-28
149,Micheal,Martin,micheal.martin@hotmail.com,524-560-5556x351,North Jason,IN,USA,2023-11-26
150,Julie,Allen,julie.allen@hotmail.com,001-940-709-9260x98725,Boydberg,NV,USA,2024-02-18
151,Caitlin,Munoz,caitlin.munoz@gmail.com,706.450.7652x92623,New Brad,FL,USA,2025-08-09
152,Neil,Gregory,neil.gregory@yahoo.com,485.227.4853,South Seanburgh,TN,USA,2024-02-02
153,Linda,Alvarez,linda.alvarez@hotmail.com,001-403-832-9915,West Angelamouth,HI,USA,2024-08-01
154,Michelle,Mills,michelle.mills@gmail.com,978.412.6784x65846,Hunterstad,NC,USA,2024-02-12
155,Teresa,Edwards,teresa.edwards@yahoo.com,970-943-4946x35150,South Ryan,MD,USA,2025-01-12
156,Katrina,Phillips,katrina.phillips@hotmail.com,603-970-1631x072,New Taratown,VA,USA,2025-10-07
157,Justin,Davidson,justin.davidson@yahoo.com,869.947.8757,Mezaton,OH,USA,2024-09-16
158,Zachary,Quinn,zachary.quinn@hotmail.com,(498)518-6631,Costaland,NH,USA,2024-04-22
159,Michael,Stewart,michael.stewart@hotmail.com,934-570-2345x613,Jenniferton,ME,USA,2025-01-12
160,Barry,Brown,barry.brown@yahoo.com,+1-471-345-1314,Sanchezmouth,MO,USA,2024-05-02
161,James,Martin,james.martin@gmail.com,230-576-5129x656,North Anne,IN,USA,2024-08-10
162,Daniel,Moore,daniel.moore@gmail.com,615.974.1922,South Kristinabury,NJ,USA,2024-11-08
163,Peter,Boyle,peter.boyle@yahoo.com,912-389-1796x03291,Allenmouth,DE,USA,2025-04-05
164,Nicholas,Villarreal,nicholas.villarreal@yahoo.com,,Michaelborough,MD,USA,2024-09-08
165,Christopher,Barrett,christopher.barrett@hotmail.com,001-448-577-7454x85498,Johnborough,FL,USA,2025-08-17
166,Caitlin,James,caitlin.james@hotmail.com,617-480-6864x33438,South William,AZ,USA,2023-11-12
167,Lisa,Hill,lisa.hill@yahoo.com,585.674.9261,North Ryan,UT,USA,2024-07-14
168,Kevin,Sellers,kevin.sellers@gmail.com,(621)713-7209x16045,Christopherview,HI,USA,2025-10-05
169,Jason,Ball,jason.ball@yahoo.com,001-964-533-9127x0658,Priscillaview,CA,USA,2025-06-08
170,Krystal,Ward,krystal.ward@gmail.com,(280)251-9446,South Amandashire,CO,USA,2025-05-19
171,Brandi,Ingram,brandi.ingram@yahoo.com,(545)385-5713,Leahstad,OH,USA,2025-09-26
172,Alexandra,Hester,alexandra.hester@hotmail.com,200.690.1188,Margaretton,AZ,USA,2024-11-30
173,Danny,Gibson,danny.gibson@hotmail.com,5248086898,Brittanyside,DE,USA,2025-08-04
174,Debra,Ramos,debra.ramos@gmail.com,5228203977,Jillport,FL,USA,2024-09-03
175,Jennifer,Wu,jennifer.wu@yahoo.com,409.351.3929,East Rachelchester,ID,USA,2025-01-26
176,Martin,Benson,martin.benson@gmail.com,6898918383,Martinland,WY,USA,2024-08-02
177,Carolyn,Martinez,carolyn.martinez@yahoo.com,587-830-9027x2003,Eriktown,MT,USA,2025-01-13
178,Mitchell,Young,mitchell.young@yahoo.com,575-841-6016x8630,Jacquelineborough,CO,USA,2024-08-25
179,Maria,West,maria.west@hotmail.com,(907)631-9428x0713,North Deanhaven,MT,USA,2025-10-28
180,Thomas,Klein,thomas.klein@gmail.com,+1-765-411-0748x17856,Peggyfurt,MD,USA,2024-05-11
181,Julie,Diaz,julie.diaz@hotmail.com,001-370-471-6415x64996,Tuckerchester,OH,USA,2024-10-12
182,Denise,Mccann,denise.mccann@gmail.com,,North Kristinside,MI,USA,2025-05-12
183,Jake,Maldonado,jake.maldonado@yahoo.com,(397)307-0894,Andersonland,NH,USA,2025-01-01
184,Travis,Kerr,travis.kerr@hotmail.com,001-754-821-6180,Bonniemouth,CO,USA,2024-04-14
185,Tiffany,Washington,tiffany.washington@yahoo.com,(608)384-0056,Jenniferbury,OK,USA,2025-02-23
186,Felicia,Johnson,felicia.johnson@hotmail.com,,Lake Kristin,VT,USA,2025-01-24
187,Emily,Shields,emily.shields@gmail.com,,North Patrick,OK,USA,2024-10-30
188,Christopher,Lawson,christopher.lawson@yahoo.com,,West Jacqueline,WI,USA,2025-11-10
189,Michael,Massey,michael.massey@hotmail.com,388-308-3604x9106,South Rickyville,WA,USA,2025-04-30
190,Kevin,Peters,kevin.peters@hotmail.com,228.310.3560x77234,Robbinsland,MA,USA,2025-07-24
191,Dillon,Lee,dillon.lee@yahoo.com,280.953.4735,South Vickie,PA,USA,2024-03-14
192,Kelsey,Peters,kelsey.peters@hotmail.com,261-590-5022,New Robertton,IA,USA,2024-11-21
193,Penny,Collins,penny.collins@yahoo.com,519.906.4914x629,South Karlside,OK,USA,2024-04-02
194,Lisa,Snyder,lisa.snyder@hotmail.com,+1-699-899-7938,Stokesville,ID,USA,2025-08-31
195,Jennifer,Ruiz,jennifer.ruiz@gmail.com,276.871.1281,Katherineberg,NC,USA,2025-04-30
196,Ronald,Wallace,ronald.wallace@yahoo.com,,West Michaelmouth,FL,USA,2024-06-09
197,David,Goodman,david.goodman@hotmail.com,(521)840-4385x04379,Chadchester,IA,USA,2024-07-30
198,Anthony,Snyder,anthony.snyder@hotmail.com,+1-941-694-7815x877,Woodsland,AL,USA,2023-11-24
199,Gerald,Herman,gerald.herman@yahoo.com,+1-354-847-1852x764,Arthurland,GA,USA,2024-12-03
200,Nicholas,Warner,nicholas.warner@yahoo.com,5487674507,Julieside,NJ,USA,2023-12-04
201,Mark,Cabrera,mark.cabrera@hotmail.com,001-749-327-8283x01722,North Richardshire,WV,USA,2024-12-04
202,Curtis,Jimenez,curtis.jimenez@gmail.com,,Port Carlosville,KS,USA,2025-10-13
203,Tyler,Brown,tyler.brown@gmail.com,516.486.9258x7300,North Zacharyland,WA,USA,2025-09-12
204,Alexandria,Bradshaw,alexandria.bradshaw@hotmail.com,001-762-798-3014x23436,West Gregoryport,NJ,USA,2025-08-25
205,Brandi,Morris,brandi.morris@hotmail.com,7527194705,Crawfordstad,WA,USA,2024-12-18
206,Nicole,Kennedy,nicole.kennedy@yahoo.com,+1-311-791-3669x688,East Emilyhaven,MN,USA,2023-11-20
207,Robert,Adams,robert.adams@hotmail.com,(851)516-5001,Hubermouth,OH,USA,2025-03-22
208,Jasmine,Stewart,jasmine.stewart@gmail.com,908-495-2395,Shannontown,NY,USA,2024-01-15
209,Tina,Jones,tina.jones@hotmail.com,001-732-803-8102x905,North Sharon,WY,USA,2025-11-03
210,Timothy,Stevens,timothy.stevens@gmail.com,001-709-873-6681x088,Rileyberg,MD,USA,2024-06-08
211,Troy,Buchanan,troy.buchanan@gmail.com,829.869.0975x8599,East Rebeccahaven,WA,USA,2024-05-17
212,Dylan,Brooks,dylan.brooks@gmail.com,+1-602-463-9117,Katherinebury,NC,USA,2024-11-21
213,Matthew,Velasquez,matthew.velasquez@yahoo.com,423-599-4922x779,Angelaville,AZ,USA,2025-09-06
214,Randy,Perez,randy.perez@yahoo.com,642-234-9469,Martinezmouth,OK,USA,2025-01-05
215,Alexander,Wade,alexander.wade@gmail.com,572-406-6836x4777,Danielmouth,MT,USA,2025-07-02
216,Ronald,Bean,ronald.bean@yahoo.com,525-342-1836,Julieview,VA,USA,2024-08-16
217,Sarah,Wilcox,sarah.wilcox@gmail.com,,Payneville,MI,USA,2024-03-09
218,Kimberly,Nguyen,kimberly.nguyen@hotmail.com,+1-700-574-3620x00838,East Christinetown,FL,USA,2023-12-19
219,James,Sims,james.sims@yahoo.com,001-315-648-1221x1995,West Willieland,LA,USA,2025-11-04
220,Matthew,Montoya,matthew.montoya@yahoo.com,(432)288-4829x717,New Kyle,GA,USA,2024-12-16
221,Megan,Hall,megan.hall@gmail.com,+1-683-786-1557,Hernandezbury,FL,USA,2025-07-04
222,Kenneth,Munoz,kenneth.munoz@hotmail.com,459.588.5658,Ericmouth,MN,USA,2025-06-28
223,Christopher,Fischer,christopher.fischer@gmail.com,802.500.7562,North Markshire,IL,USA,2024-01-04
224,George,Lane,george.lane@gmail.com,,Christensenmouth,NV,USA,2024-11-29
225,Jennifer,Wilson,jennifer.wilson@yahoo.com,314.234.0329,Nicolehaven,WI,USA,2025-08-15
226,Joshua,Walsh,joshua.walsh@hotmail.com,+1-495-584-7156x30004,West Jenniferbury,HI,USA,2025-01-27
227,Kayla,Mann,kayla.mann@yahoo.com,(452)666-7985x401,East Christopher,WY,USA,2025-02-08
228,Denise,Ramos,denise.ramos@yahoo.com,,Port Cheryl,ME,USA,2024-11-22
229,Maria,Davis,maria.davis@yahoo.com,257-288-8194,South Ashleyland,PA,USA,2024-01-26
230,Steven,Horton,steven.horton@yahoo.com,792.533.4375,Jaredmouth,MT,USA,2024-04-16
231,Dennis,Welch,dennis.welch@hotmail.com,(650)371-0605,East Michealburgh,AR,USA,2023-11-12
232,Danielle,Gregory,danielle.gregory@yahoo.com,,Fitzgeraldfort,NE,USA,2024-05-01
233,Lisa,Blanchard,lisa.blanchard@gmail.com,(663)318-6434,Lake Deannaview,MI,USA,2024-11-28
234,Melanie,Park,melanie.park@gmail.com,548-303-5410x17188,South Megan,AL,USA,2024-11-29
235,Terrance,Shelton,terrance.shelton@yahoo.com,(202)722-1278x16054,East Stevenborough,TN,USA,2025-01-03
236,Jesse,Gamble,jesse.gamble@gmail.com,(356)822-7530,Lake Kenneth,ND,USA,2025-02-26
237,Joshua,Walker,joshua.walker@yahoo.com,+1-829-541-4384x69617,East Briannahaven,TX,USA,2024-11-18
238,Janice,Bailey,janice.bailey@gmail.com,304-700-8521,South James,OK,USA,2025-02-20
239,Tracy,Kelley,tracy.kelley@yahoo.com,742-486-8682x53728,Holtville,GA,USA,2023-12-14
240,Sierra,Nichols,sierra.nichols@hotmail.com,808.568.2877x300,Batesview,MD,USA,2024-01-07
241,Michelle,Scott,michelle.scott@gmail.com,(424)553-0564x9591,Erinmouth,OR,USA,2025-08-26
242,Kathryn,Aguirre,kathryn.aguirre@yahoo.com,(915)579-6202,North Sharon,GA,USA,2025-11-11
243,Jacob,Johnson,jacob.johnson@hotmail.com,001-746-721-2665x745,Jamesland,SD,USA,2025-10-20
244,Mariah,Williams,mariah.williams@gmail.com,001-667-971-4381,Brownberg,AL,USA,2024-05-26
245,Cassandra,Sanchez,cassandra.sanchez@gmail.com,282.200.0171,East Thomas,NJ,USA,2024-11-06
246,James,Gonzalez,james.gonzalez@gmail.com,(250)865-9585x236,Conniestad,MA,USA,2024-05-10
247,Stephanie,Mendez,stephanie.mendez@gmail.com,509-606-2391,East Dylan,NE,USA,2024-12-14
248,Christopher,Ryan,christopher.ryan@yahoo.com,5482972572,East Ericbury,MI,USA,2024-12-26
249,Shane,Holden,shane.holden@gmail.com,(854)312-3805x9550,Lake Michael,VT,USA,2024-10-24
250,Elizabeth,Barry,elizabeth.barry@hotmail.com,501.237.6110,Wesleyfort,SC,USA,2025-11-11
251,Elizabeth,Simpson,elizabeth.simpson@yahoo.com,4295866012,Lake Lauren,WY,USA,2025-02-17
252,Michael,Blake,michael.blake@yahoo.com,570-894-4633,Charlesside,AR,USA,2024-12-12
253,Melissa,Powell,melissa.powell@yahoo.com,214.429.9174x21483,Josephmouth,IA,USA,2023-11-14
254,Elizabeth,Wilson,elizabeth.wilson@yahoo.com,9934286212,West Heather,SC,USA,2025-06-20
255,Megan,Vargas,megan.vargas@hotmail.com,5764092062,New Michelle,MI,USA,2024-04-12
256,Catherine,Morgan,catherine.morgan@yahoo.com,796.589.6569x82033,Anthonyshire,MI,USA,2024-10-19
257,Michael,Velasquez,michael.velasquez@gmail.com,375-631-2874,Andrewsmouth,NE,USA,2025-05-14
258,Timothy,Bell,timothy.bell@hotmail.com,(718)698-4785x78147,South Nataliebury,MT,USA,2025-09-19
259,Charles,Martinez,charles.martinez@hotmail.com,480.500.9253x2319,West Aaron,MD,USA,2024-09-25
260,Rhonda,Price,rhonda.price@hotmail.com,512-949-2130x1226,South Gary,RI,USA,2024-05-01
261,John,Nichols,john.nichols@gmail.com,,Medinaborough,PA,USA,2025-08-14
262,Michael,Pugh,michael.pugh@gmail.com,001-352-503-1158,Port Rachel,IN,USA,2025-03-18
263,Natalie,Martinez,natalie.martinez@gmail.com,(387)820-5447,Wangfort,KY,USA,2023-12-16
264,Eric,Boyd,eric.boyd@gmail.com,450.351.1402x1845,West Jonathan,GA,USA,2025-09-28
265,Jay,Jones,jay.jones@hotmail.com,(408)571-8502x817,Christopherville,TN,USA,2025-02-23
266,Brian,Ball,brian.ball@hotmail.com,656-923-8303x9903,Port Katherinechester,MT,USA,2025-04-23
267,Shawn,Webb,shawn.webb@hotmail.com,(417)537-8531x75412,East Jasonfort,WI,USA,2023-12-29
268,Michelle,Miller,michelle.miller@yahoo.com,+1-347-213-2266x96659,Burchchester,VT,USA,2024-09-01
269,Nicholas,Maxwell,nicholas.maxwell@yahoo.com,726-515-3921x183,Schultzberg,LA,USA,2024-08-26
270,Danielle,Ellis,danielle.ellis@gmail.com,567-610-5087x274,Bakerville,PA,USA,2025-10-17
271,Michael,Lewis,michael.lewis@yahoo.com,(689)320-1424,Evansberg,ND,USA,2025-06-29
272,Jamie,Smith,jamie.smith@yahoo.com,,Port Ryanburgh,IA,USA,2024-08-16
273,Katrina,Boyd,katrina.boyd@hotmail.com,8052346437,Angelicaside,LA,USA,2024-09-27
274,Matthew,Gomez,matthew.gomez@gmail.com,6606532897,Port Cassandraland,NM,USA,2024-01-21
275,Tamara,White,tamara.white@yahoo.com,804-914-0923,Codystad,FL,USA,2025-11-08
276,Scott,Martinez,scott.martinez@yahoo.com,5406139141,New Joseton,KY,USA,2024-05-06
277,Michael,Santos,michael.santos@gmail.com,762-390-7538,Leslieside,MI,USA,2024-02-26
278,Cassandra,Mcdonald,cassandra.mcdonald@yahoo.com,5792227209,North Kevinberg,NH,USA,2025-08-05
279,Theresa,Zavala,theresa.zavala@hotmail.com,+1-455-402-6829x675,Wolfeside,PA,USA,2025-02-27
280,Kathy,Kirk,kathy.kirk@yahoo.com,(732)359-0705x555,Newtonview,IL,USA,2023-12-21
281,Erin,Armstrong,erin.armstrong@yahoo.com,459-232-7212x74852,Matthewville,AK,USA,2025-05-23
282,Donald,Ellis,donald.ellis@hotmail.com,+1-242-379-7920x89606,Heatherton,CA,USA,2025-04-27
283,Denise,Fox,denise.fox@hotmail.com,001-718-738-0443x433,Bennettchester,CA,USA,2024-10-22
284,Travis,Vasquez,travis.vasquez@hotmail.com,+1-891-671-9880x84780,New Patrickside,FL,USA,2025-06-19
285,Alexander,Cunningham,alexander.cunningham@gmail.com,4232446051,Elizabethmouth,MA,USA,2024-05-31
286,Erin,James,erin.james@yahoo.com,(224)993-1825x532,Cainborough,HI,USA,2023-11-16
287,Robert,Adams,robert.adams@gmail.com,963-744-0394,Port Daniel,NC,USA,2024-07-13
288,Deborah,Thompson,deborah.thompson@hotmail.com,+1-900-648-3123x4717,Gilbertchester,NE,USA,2024-06-26
289,Jesse,Reynolds,jesse.reynolds@yahoo.com,902.819.8405,South Alexisville,CA,USA,2024-02-13
290,James,Campbell,james.campbell@yahoo.com,+1-730-651-0443,Campbelltown,WA,USA,2025-04-30
291,Christopher,Baker,christopher.baker@yahoo.com,001-396-421-0975x0550,Angelafort,ID,USA,2025-10-05
292,Tristan,Giles,tristan.giles@gmail.com,001-295-474-2077,Samanthashire,VA,USA,2023-11-13
293,Linda,Hunter,linda.hunter@hotmail.com,001-218-526-1774,West Deborahburgh,IA,USA,2025-08-11
294,Anthony,Sanchez,anthony.sanchez@hotmail.com,300-649-9401,North Brian,CT,USA,2024-08-12
295,Brian,Webb,brian.webb@hotmail.com,637.526.9747x379,Michaelbury,IA,USA,2025-06-22
296,Jamie,Lopez,jamie.lopez@gmail.com,542.864.7921,Hallfort,AZ,USA,2025-02-10
297,Destiny,Scott,destiny.scott@yahoo.com,753.339.2382,Melissatown,KY,USA,2025-09-14
298,Karen,Diaz,karen.diaz@hotmail.com,+1-417-986-5876,East Dannyshire,MI,USA,2025-07-29
299,Amanda,Johnson,amanda.johnson@yahoo.com,001-867-570-9965,Lake Tonya,AK,USA,2024-10-30
300,Mitchell,Rosario,mitchell.rosario@gmail.com,832-401-1044,East Karenborough,NH,USA,2025-03-08
301,Pam,Aguirre,pam.aguirre@gmail.com,(751)640-6448x727,Kevinshire,HI,USA,2024-04-07
302,Kimberly,Harper,kimberly.harper@gmail.com,631.308.1645x44774,Crosbyberg,ID,USA,2024-09-21
303,Brandon,Castillo,brandon.castillo@gmail.com,240-220-8683,Port Jamesville,AL,USA,2023-11-12
304,Kevin,Medina,kevin.medina@hotmail.com,503.656.4401,Lake Antonio,IN,USA,2025-04-11
305,Maria,Edwards,maria.edwards@yahoo.com,987-423-1479x15949,West Colton,GA,USA,2024-12-15
306,Kimberly,Johnson,kimberly.johnson@gmail.com,697-979-3255,New Katie,NH,USA,2025-02-22
307,Michelle,Davis,michelle.davis@gmail.com,+1-843-836-6080x332,Ericview,TN,USA,2025-10-05
308,Daniel,Benson,daniel.benson@gmail.com,207.841.6249x1745,New Joannfort,IL,USA,2024-09-13
309,Michael,Brown,michael.brown@gmail.com,001-622-945-2427x936,Hernandezmouth,IL,USA,2025-07-26
310,Jared,Daniels,jared.daniels@gmail.com,253-800-0188x89275,Parrishfurt,MI,USA,2024-07-12
311,Andrea,Hawkins,andrea.hawkins@gmail.com,785-888-5616x606,Brownville,NY,USA,2025-03-31
312,Jose,Ortega,jose.ortega@hotmail.com,249-324-8955x5963,Perrytown,ID,USA,2024-11-20
313,Stacy,Davenport,stacy.davenport@yahoo.com,734-324-9289x1662,Dustinside,WV,USA,2025-10-10
314,Alec,Chen,alec.chen@hotmail.com,667.994.1162x09624,East Kristenhaven,AR,USA,2024-01-19
315,Craig,Mccall,craig.mccall@gmail.com,+1-437-521-4076,Wushire,NC,USA,2024-09-28
316,Ricky,Smith,ricky.smith@gmail.com,001-626-928-1793x4702,North Hannah,VA,USA,2024-06-21
317,Emily,Bradley,emily.bradley@gmail.com,+1-911-481-8050x639,Andersonside,SD,USA,2024-08-27
318,Kelsey,Brown,kelsey.brown@gmail.com,001-902-633-8128,Ramosborough,AZ,USA,2024-03-17
319,Amy,Fisher,amy.fisher@gmail.com,534.343.7533x3794,New Laura,RI,USA,2023-11-19
320,Vanessa,Bryant,vanessa.bryant@hotmail.com,,South Jimmyshire,NM,USA,2024-11-18
321,Derrick,Whitney,derrick.whitney@hotmail.com,733.754.2371x933,East Tiffanyfurt,CO,USA,2025-03-13
322,James,Castro,james.castro@hotmail.com,402.576.1572x31707,Wallacefurt,SD,USA,2024-11-06
323,Andrew,Morales,andrew.morales@yahoo.com,+1-815-230-8380x34470,Brandonland,WI,USA,2024-05-16
324,Chad,Burgess,chad.burgess@hotmail.com,001-349-306-0980x94885,Port Crystalbury,LA,USA,2025-11-01
325,Miranda,Campbell,miranda.campbell@gmail.com,+1-583-299-9145x250,Christianborough,MT,USA,2024-05-17
326,Karen,Edwards,karen.edwards@yahoo.com,215-206-3373x82708,Garciabury,NH,USA,2024-04-28
327,Michael,Johnson,michael.johnson@yahoo.com,+1-451-719-4227x59132,Bradleyside,CO,USA,2023-12-28
328,Katherine,Smith,katherine.smith@hotmail.com,465-584-7589x7877,Wardfort,MD,USA,2024-10-28
329,Matthew,Jackson,matthew.jackson@hotmail.com,686.871.7647,East Steven,IA,USA,2023-12-09
330,Dale,Ramos,dale.ramos@hotmail.com,,Larsonville,IL,USA,2025-06-28
331,Leslie,Rodriguez,leslie.rodriguez@yahoo.com,001-407-340-1361x5256,Julianhaven,ME,USA,2024-04-12
332,Emily,Gay,emily.gay@hotmail.com,+1-560-877-5765x08057,Lake Wesley,ND,USA,2024-02-25
333,Denise,Bryant,denise.bryant@yahoo.com,,Lake Christopherton,WI,USA,2024-06-13
334,Shane,Hansen,shane.hansen@yahoo.com,001-273-822-1876x360,Hubbardmouth,HI,USA,2024-02-27
335,Julie,Kelly,julie.kelly@hotmail.com,8713460074,South Elizabethstad,CO,USA,2024-07-25
336,Lucas,Strong,lucas.strong@hotmail.com,346.759.7654,Kevinstad,MI,USA,2024-04-04
337,Jordan,Golden,jordan.golden@yahoo.com,+1-847-997-1963x3773,Fisherfort,WA,USA,2024-11-13
338,Daniel,Mathews,daniel.mathews@yahoo.com,001-304-355-7629x0588,Fosterside,CA,USA,2025-07-18
339,Matthew,Roth,matthew.roth@yahoo.com,+1-243-664-3740x39667,Scottberg,OH,USA,2024-01-17
340,Lori,Blackwell,lori.blackwell@gmail.com,519-923-7074x77729,Murphyberg,KY,USA,2024-02-09
341,Benjamin,Solis,benjamin.solis@gmail.com,960-503-8247x49911,Port Eddie,MN,USA,2024-09-05
342,Alexandra,Gilbert,alexandra.gilbert@gmail.com,(471)282-3623x154,East Tony,NV,USA,2024-11-02
343,Timothy,Rush,timothy.rush@hotmail.com,876-832-8193,East Julie,CT,USA,2023-12-25
344,Shelly,White,shelly.white@gmail.com,571-550-7838x63539,East Joshuastad,KY,USA,2024-11-19
345,Edward,Green,edward.green@hotmail.com,891-821-7120,Amandaport,CO,USA,2025-10-28
346,Alexander,Key,alexander.key@hotmail.com,,North Sheri,NH,USA,2025-08-10
347,Zachary,Steele,zachary.steele@yahoo.com,(557)874-3170,Justinberg,NV,USA,2024-10-11
348,Samantha,Chase,samantha.chase@hotmail.com,+1-694-483-2262x53623,Lake Joyce,MA,USA,2025-03-30
349,Diana,Pierce,diana.pierce@yahoo.com,842-594-5778,Lake Debbiemouth,CO,USA,2024-08-24
350,Kimberly,Vance,kimberly.vance@gmail.com,001-752-967-3382x4384,East Johnland,IA,USA,2024-07-30
351,Bryan,Kennedy,bryan.kennedy@yahoo.com,(432)344-2430x563,South Margaret,SC,USA,2024-08-10
352,George,Johnson,george.johnson@hotmail.com,852.934.5686,South Steven,OR,USA,2025-09-16
353,Erin,Martin,erin.martin@gmail.com,(607)696-5358x57328,New Brandon,VT,USA,2024-11-15
354,Linda,Jones,linda.jones@gmail.com,908.826.7088x513,South Becky,AZ,USA,2024-11-02
355,Samantha,Mccarthy,samantha.mccarthy@hotmail.com,(972)968-1962x34387,Goodwinborough,IN,USA,2025-07-16
356,Melinda,Davis,melinda.davis@gmail.com,(455)623-5908,Boonestad,OR,USA,2023-12-31
357,Colleen,Smith,colleen.smith@gmail.com,938.658.7552,Nelsonmouth,NE,USA,2024-06-25
358,Robert,Hensley,robert.hensley@hotmail.com,+1-547-729-2782x773,Barbaramouth,NJ,USA,2025-05-22
359,Michael,Foster,michael.foster@hotmail.com,718-288-6863x378,New Jessica,IL,USA,2023-11-12
360,Jennifer,Nichols,jennifer.nichols@yahoo.com,(605)987-3745x96526,Campbellburgh,IA,USA,2024-09-15
361,Diane,Wheeler,diane.wheeler@yahoo.com,296-202-8732x16341,South Ericland,TN,USA,2025-03-25
362,John,Garcia,john.garcia@gmail.com,707.252.1945x2795,Alisonmouth,FL,USA,2024-01-06
363,John,Scott,john.scott@hotmail.com,(333)316-5866x60534,South Michelleview,SD,USA,2024-11-04
364,Jo,Gonzalez,jo.gonzalez@gmail.com,265-935-5541,North Gabriel,OH,USA,2024-06-24
365,Megan,Garcia,megan.garcia@hotmail.com,+1-286-394-8306,Edwardville,ID,USA,2024-05-15
366,Amber,Thomas,amber.thomas@gmail.com,(739)718-4000x6225,Thompsonfurt,IA,USA,2025-08-14
367,Teresa,Hall,teresa.hall@yahoo.com,001-438-546-2876x045,Hallberg,MI,USA,2025-09-01
368,Megan,Thomas,megan.thomas@hotmail.com,+1-525-712-8368x4881,East Rachelborough,NC,USA,2024-12-25
369,David,George,david.george@gmail.com,001-500-211-7301,Port Jennifer,MA,USA,2024-03-07
370,Kenneth,Harris,kenneth.harris@hotmail.com,314-719-7369x069,North Melissaland,NV,USA,2024-06-15
371,Theresa,Becker,theresa.becker@yahoo.com,001-829-908-6673x008,Port Emilyview,WV,USA,2025-02-07
372,Kenneth,Williams,kenneth.williams@hotmail.com,3219826108,Jermaineland,RI,USA,2024-01-25
373,Barbara,Mccarthy,barbara.mccarthy@hotmail.com,(278)307-3911x633,Gibbschester,OR,USA,2024-10-19
374,Jeremy,Yang,jeremy.yang@gmail.com,(954)934-3689x0587,Danielfurt,WV,USA,2024-10-28
375,Henry,Thomas,henry.thomas@yahoo.com,214.826.3526x5086,East Michellehaven,NH,USA,2024-12-27
376,Stephanie,Yu,stephanie.yu@hotmail.com,,East Anna,MN,USA,2024-04-02
377,James,Wilson,james.wilson@yahoo.com,(880)599-3617,Stephaniefort,NC,USA,2025-01-23
378,Lynn,Wilson,lynn.wilson@hotmail.com,+1-475-278-9043x483,Stephenshire,MN,USA,2025-07-30
379,Bonnie,Banks,bonnie.banks@yahoo.com,+1-958-372-3951x2399,Port Paulport,CA,USA,2025-10-21
380,Kevin,Hardy,kevin.hardy@yahoo.com,760-671-1084x8460,Ramseyhaven,KS,USA,2024-01-08
381,Samuel,Reyes,samuel.reyes@yahoo.com,401-596-5746,Dickersonmouth,FL,USA,2025-07-25
382,Leslie,Graves,leslie.graves@yahoo.com,413-200-2723,New Melindaside,CA,USA,2024-07-13
383,Debra,Frazier,debra.frazier@yahoo.com,589.993.4137x511,Port Gabriel,RI,USA,2025-06-01
384,Candace,Spencer,candace.spencer@hotmail.com,,Patelmouth,TN,USA,2025-03-14
385,Laura,Harrell,laura.harrell@yahoo.com,+1-328-854-9569x194,North Cheryl,KY,USA,2025-02-09
386,Christopher,Doyle,christopher.doyle@hotmail.com,716.463.4577,Port Loganburgh,WA,USA,2025-09-02
387,Brandy,Hernandez,brandy.hernandez@yahoo.com,001-785-578-5239x288,Robinsonborough,OH,USA,2025-11-06
388,Carlos,Davis,carlos.davis@gmail.com,9622113009,Robinsonton,AR,USA,2024-10-07
389,Michael,Wilson,michael.wilson@yahoo.com,701-956-1223x007,East Stephaniestad,SD,USA,2025-03-21
390,Jennifer,Jarvis,jennifer.jarvis@yahoo.com,(462)258-0604x62131,Port Tina,AL,USA,2024-11-28
391,Joshua,Turner,joshua.turner@yahoo.com,904.806.2641,West Amanda,MO,USA,2024-08-29
392,Timothy,Tran,timothy.tran@gmail.com,(877)484-5231x33606,Lake Michael,AR,USA,2025-05-26
393,Lynn,Johnson,lynn.johnson@gmail.com,814-448-9502x53909,Lake Jason,ID,USA,2025-08-16
394,Charles,Irwin,charles.irwin@yahoo.com,819-815-8963x695,Brauntown,KY,USA,2024-03-28
395,John,Armstrong,john.armstrong@yahoo.com,550-692-6711,Lopezstad,SC,USA,2023-12-29
396,Hannah,Lee,hannah.lee@yahoo.com,+1-744-398-5505,Keithland,MN,USA,2024-07-29
397,Tracy,West,tracy.west@gmail.com,+1-634-932-7606x846,East Stephanie,HI,USA,2024-06-16
398,Caitlyn,Williams,caitlyn.williams@hotmail.com,5089118990,Lindsaybury,FL,USA,2025-06-04
399,Matthew,Buchanan,matthew.buchanan@gmail.com,+1-398-366-3576x1450,North Tim,NC,USA,2024-01-09
400,Patricia,Underwood,patricia.underwood@hotmail.com,,Ramirezside,WV,USA,2024-04-07
401,Jeremy,Le,jeremy.le@hotmail.com,(446)457-1389x49056,Kingtown,PA,USA,2024-01-28
402,Gregory,Lopez,gregory.lopez@yahoo.com,9229110730,North Robertport,AZ,USA,2025-02-08
403,Cory,Jones,cory.jones@yahoo.com,375-731-7841x24912,Port Joannhaven,SC,USA,2024-12-13
404,Mary,Stevens,mary.stevens@gmail.com,777.411.6190x5481,West Brittanyburgh,UT,USA,2023-11-19
405,Danny,Campbell,danny.campbell@yahoo.com,(986)427-4327,Isaacbury,MI,USA,2024-05-02
406,Carrie,Fox,carrie.fox@yahoo.com,+1-201-374-8662x51914,Davidton,MS,USA,2024-02-23
407,James,Mcbride,james.mcbride@yahoo.com,(635)616-8708,Morganview,MD,USA,2024-07-06
408,Rita,Gonzalez,rita.gonzalez@gmail.com,+1-646-542-3167x3592,Dylanhaven,ME,USA,2025-10-17
409,Brian,Edwards,brian.edwards@hotmail.com,+1-962-856-7747,Audreyview,CO,USA,2025-08-27
410,Tracy,Anderson,tracy.anderson@gmail.com,001-630-769-5423,Marystad,NC,USA,2023-12-23
411,John,Watson,john.watson@hotmail.com,001-701-877-6128,West Laurenmouth,OH,USA,2024-04-03
412,Jason,Mendez,jason.mendez@yahoo.com,853-730-3260,South Scottchester,MS,USA,2025-08-10
413,Christine,Foster,christine.foster@gmail.com,408.491.2046,Jenningsview,IL,USA,2025-02-18
414,Alan,Brown,alan.brown@hotmail.com,493-870-2277x89831,New Christopherstad,AZ,USA,2023-12-03
415,Jeffrey,Sims,jeffrey.sims@hotmail.com,,East Lacey,VA,USA,2025-09-16
416,Michael,Russell,michael.russell@hotmail.com,289-560-0463x88333,Lake Michael,WI,USA,2023-12-25
417,Timothy,Wright,timothy.wright@yahoo.com,223.505.4572,North Susan,CA,USA,2024-05-11
418,Gregory,Stephens,gregory.stephens@hotmail.com,213.468.6421x39763,East Spencermouth,MD,USA,2024-03-10
419,Brianna,Chandler,brianna.chandler@hotmail.com,(756)347-2327x232,North Meghantown,PA,USA,2024-12-22
420,Rebecca,Howell,rebecca.howell@yahoo.com,930-927-1009x805,East Scott,IL,USA,2025-02-25
421,Brandi,Stone,brandi.stone@gmail.com,001-535-219-0436x0650,Krystalchester,RI,USA,2025-09-14
422,Diana,Norris,diana.norris@hotmail.com,887.597.2576x119,Schneiderbury,NJ,USA,2024-04-25
423,Stephanie,Young,stephanie.young@gmail.com,+1-274-234-5418x577,Mendozaview,FL,USA,2025-03-28
424,John,Holt,john.holt@yahoo.com,,East Tanyaberg,MD,USA,2024-12-15
425,Steven,Medina,steven.medina@gmail.com,(498)438-0918x389,Jeffreyshire,LA,USA,2024-07-23
426,April,Dean,april.dean@yahoo.com,969.593.9347,Smithberg,NV,USA,2025-10-01
427,Joseph,Pearson,joseph.pearson@hotmail.com,526.818.3640x7835,Hooverfurt,NY,USA,2025-01-08
428,Cynthia,Hernandez,cynthia.hernandez@hotmail.com,+1-894-440-6104x16232,Zavalamouth,IL,USA,2024-04-25
429,Brenda,Hampton,brenda.hampton@hotmail.com,910-659-5902,South Cassandratown,UT,USA,2025-07-16
430,Jerome,Martinez,jerome.martinez@gmail.com,+1-559-264-3316x00478,North Edwin,WA,USA,2024-09-17
431,Brenda,Hawkins,brenda.hawkins@hotmail.com,774.449.6208,New Karenville,PA,USA,2024-03-07
432,Jose,Simpson,jose.simpson@hotmail.com,+1-463-780-3108x27931,North Kevinchester,IN,USA,2024-09-09
433,Eugene,Lopez,eugene.lopez@gmail.com,+1-623-383-5973,Christopherberg,MA,USA,2024-08-16
434,Felicia,Wilson,felicia.wilson@hotmail.com,(702)467-2784,New Katieview,MO,USA,2025-02-16
435,Nathan,Dickerson,nathan.dickerson@hotmail.com,5322736738,Cassandrachester,FL,USA,2024-05-11
436,Troy,James,troy.james@gmail.com,6665123292,Lake Rebecca,OR,USA,2025-05-02
437,Christopher,Russell,christopher.russell@gmail.com,001-551-318-5286x8465,South Kristen,CT,USA,2024-10-14
438,Crystal,Morgan,crystal.morgan@gmail.com,5662315693,New Richard,AZ,USA,2025-03-20
439,John,White,john.white@yahoo.com,001-644-799-3381x9520,Francismouth,AR,USA,2023-12-10
440,Julie,Rice,julie.rice@yahoo.com,+1-465-916-2007x24358,Port Johntown,CO,USA,2024-02-08
441,Diana,Ward,diana.ward@yahoo.com,765.855.1328x0617,Moranview,MT,USA,2025-01-07
442,Kim,Reese,kim.reese@hotmail.com,725.947.4191x8489,Mayview,PA,USA,2023-11-14
443,Donna,Holmes,donna.holmes@yahoo.com,,Duranville,SD,USA,2025-01-17
444,John,Glover,john.glover@gmail.com,+1-833-585-4496x0727,North Amanda,MN,USA,2024-12-16
445,Jacob,Butler,jacob.butler@gmail.com,532-887-7531x92298,New Sarahaven,NV,USA,2024-11-21
446,Kimberly,Sherman,kimberly.sherman@gmail.com,(589)813-4467,New Josephhaven,ND,USA,2025-04-17
447,Brian,Lewis,brian.lewis@gmail.com,2715887824,New Lori,IA,USA,2025-05-02
448,Sherry,Frost,sherry.frost@hotmail.com,001-576-982-3912x3519,Charlestown,AZ,USA,2024-11-17
449,Heidi,Smith,heidi.smith@hotmail.com,+1-869-901-8091x4618,Stephaniestad,NY,USA,2025-10-23
450,Sarah,Barber,sarah.barber@hotmail.com,662.898.8258x13250,North Kirkmouth,ND,USA,2024-12-31
451,Sabrina,Miller,sabrina.miller@hotmail.com,(403)812-8223x466,New Matthew,PA,USA,2024-06-03
452,Cody,Wright,cody.wright@hotmail.com,789-456-8407,New Kiara,HI,USA,2024-07-08
453,Christopher,Wade,christopher.wade@yahoo.com,375-231-9695x345,South Saramouth,WY,USA,2025-08-04
454,Laura,Wilson,laura.wilson@yahoo.com,(778)750-2457,North Penny,MA,USA,2024-11-09
455,Allison,Lee,allison.lee@yahoo.com,001-995-250-2574x5287,Laurenstad,AK,USA,2025-08-02
456,Sheena,Berger,sheena.berger@gmail.com,9584359571,Paulland,VA,USA,2025-08-25
457,Thomas,Williams,thomas.williams@yahoo.com,,Brownstad,AL,USA,2024-11-12
458,Shawn,Ballard,shawn.ballard@yahoo.com,,Jeanmouth,VA,USA,2025-07-25
459,Anne,Hernandez,anne.hernandez@hotmail.com,001-321-671-5224x95854,Melissaberg,IN,USA,2024-12-08
460,Jack,Holland,jack.holland@yahoo.com,496-922-2787,Powellland,CO,USA,2024-05-07
461,Michael,Cooper,michael.cooper@hotmail.com,+1-924-337-6013x6440,West Jenniferville,VT,USA,2025-07-27
462,William,Gonzales,william.gonzales@yahoo.com,945.963.9528x62873,Port Melanieburgh,LA,USA,2025-07-23
463,Bethany,Reyes,bethany.reyes@gmail.com,240.905.4976x95604,Port Daniel,GA,USA,2025-01-01
464,Susan,Reynolds,susan.reynolds@yahoo.com,244.830.6121,Alvarezton,AZ,USA,2024-01-17
465,Louis,Lopez,louis.lopez@hotmail.com,+1-948-743-6786x370,South Tylerton,IL,USA,2024-05-05
466,Pamela,Martin,pamela.martin@hotmail.com,001-307-493-8965x452,Chavezmouth,SC,USA,2024-01-04
467,Kayla,Martinez,kayla.martinez@hotmail.com,,North Craig,ND,USA,2025-07-22
468,Gregory,Braun,gregory.braun@gmail.com,+1-979-362-6337x9291,Hamiltonburgh,OK,USA,2025-01-16
469,Kimberly,Mejia,kimberly.mejia@gmail.com,904.759.8954x04356,Johnhaven,OR,USA,2025-07-14
470,Angel,Sullivan,angel.sullivan@gmail.com,218-346-5037x36016,New Phillipshire,MT,USA,2025-01-06
471,Mark,Sullivan,mark.sullivan@gmail.com,708.707.7669x537,Jessicaside,MO,USA,2024-04-21
472,Rebecca,Miranda,rebecca.miranda@gmail.com,(753)909-9604,Christopherport,IA,USA,2025-01-28
473,Matthew,Porter,matthew.porter@gmail.com,+1-419-381-2937x898,East Melanie,IN,USA,2025-06-21
474,Michael,Bailey,michael.bailey@hotmail.com,+1-394-445-2688x38043,East Douglasshire,CO,USA,2023-12-18
475,Jonathan,Robinson,jonathan.robinson@hotmail.com,284-820-3591x495,Nicholasstad,DE,USA,2024-08-09
476,Anthony,Nicholson,anthony.nicholson@yahoo.com,001-921-551-3419x96505,Port Levi,NH,USA,2025-04-12
477,Michael,Guzman,michael.guzman@hotmail.com,244-987-9228x26482,Dixonport,VA,USA,2025-11-03
478,Adam,Torres,adam.torres@yahoo.com,(921)482-9365,West Melissa,NV,USA,2024-08-23
479,Kyle,Nelson,kyle.nelson@hotmail.com,797-673-7110,North Mitchellview,IA,USA,2025-11-11
480,Taylor,Haynes,taylor.haynes@hotmail.com,7726188629,East Emily,MA,USA,2023-11-27
481,Karen,Vaughn,karen.vaughn@hotmail.com,485.757.2710x99718,Wadeland,OK,USA,2024-07-26
482,Hannah,Humphrey,hannah.humphrey@gmail.com,739.229.7198x565,Codytown,NC,USA,2023-11-25
483,Lisa,Mason,lisa.mason@gmail.com,(790)630-7217,Stewartburgh,AZ,USA,2025-06-06
484,Holly,Sanders,holly.sanders@gmail.com,+1-699-584-0172x6613,Cynthiamouth,MA,USA,2024-12-25
485,Patrick,Winters,patrick.winters@gmail.com,+1-378-965-5466,East Donald,AR,USA,2025-07-15
486,Samuel,Munoz,samuel.munoz@gmail.com,+1-787-362-2534x08110,Lake Leslie,WI,USA,2024-08-02
487,Ruth,Carr,ruth.carr@yahoo.com,983-635-1921,Andersonstad,NH,USA,2025-07-17
488,Maria,Henry,maria.henry@yahoo.com,001-875-462-2942x157,North Eric,VT,USA,2024-09-18
489,Jason,Bruce,jason.bruce@gmail.com,473.212.5893x94436,New Samanthaview,NM,USA,2025-08-07
490,Nicole,Noble,nicole.noble@hotmail.com,+1-252-917-7869x0763,North Emilyborough,AK,USA,2024-01-03
491,Colleen,Harris,colleen.harris@gmail.com,364-488-8480x66939,New James,CA,USA,2024-12-29
492,Christopher,Johnson,christopher.johnson@yahoo.com,001-759-916-3342x2500,Ericport,AK,USA,2025-08-13
493,Seth,Moore,seth.moore@hotmail.com,(864)982-6505x1369,North Kaitlinfurt,WV,USA,2025-07-24
494,Heather,Gomez,heather.gomez@gmail.com,001-267-782-9628,East Timothyburgh,SC,USA,2025-05-23
495,Michael,Garrison,michael.garrison@hotmail.com,670-837-0932x1815,Lauratown,UT,USA,2025-08-03
496,Clayton,Leonard,clayton.leonard@gmail.com,(492)659-7790x039,West Elizabeth,OK,USA,2025-10-13
497,William,Simmons,william.simmons@yahoo.com,(823)428-0437x3072,East Daniellemouth,WY,USA,2025-07-18
498,Ariel,Santiago,ariel.santiago@gmail.com,964-679-9842x97021,Ingramstad,MD,USA,2025-01-31
499,Christina,Perez,christina.perez@gmail.com,+1-866-594-4216,Maldonadoside,IL,USA,2024-09-24
500,Michael,Short,michael.short@hotmail.com,(326)579-4354x857,North Elizabethmouth,OK,USA,2025-08-15
501,Robert,Pearson,robert.pearson@gmail.com,001-787-743-7149x0385,Randyshire,MA,USA,2025-09-01
502,Connie,Pearson,connie.pearson@yahoo.com,769.230.4485,Port Aaronview,NE,USA,2024-04-19
503,James,Simpson,james.simpson@yahoo.com,537.815.2323x991,New Elizabeth,WA,USA,2024-05-22
504,Jennifer,Leon,jennifer.leon@hotmail.com,940-610-2704,West Janeton,MD,USA,2024-04-22
505,Jaclyn,Gregory,jaclyn.gregory@gmail.com,+1-468-377-7826,Port Ryanshire,NE,USA,2025-03-04
506,Brandon,Mcdonald,brandon.mcdonald@yahoo.com,4896513081,Lake Michaelborough,MN,USA,2024-06-17
507,Taylor,Perkins,taylor.perkins@gmail.com,854.894.6401,Laurieside,VA,USA,2025-04-26
508,Deborah,Richards,deborah.richards@yahoo.com,(352)940-2976x3664,New Cory,MO,USA,2023-11-19
509,John,Simpson,john.simpson@gmail.com,,Gabrielton,MT,USA,2025-04-14
510,Cheryl,Cruz,cheryl.cruz@yahoo.com,(387)566-9567,Salinaston,IL,USA,2025-08-23
511,Dakota,Rogers,dakota.rogers@yahoo.com,801.816.2196x021,Mitchellstad,ND,USA,2024-08-12
512,Melissa,Fuentes,melissa.fuentes@gmail.com,234.328.4590,East Timothy,OR,USA,2025-01-07
513,William,Mack,william.mack@gmail.com,+1-921-639-9502x21458,Palmerville,ID,USA,2024-05-02
514,Kenneth,Robinson,kenneth.robinson@hotmail.com,605-558-2171,North Gloria,WI,USA,2025-10-08
515,Troy,Dodson,troy.dodson@gmail.com,+1-834-956-7556,West Craigville,VT,USA,2025-05-08
516,Ronnie,Brown,ronnie.brown@gmail.com,604.482.6244x51712,Beltranbury,MN,USA,2024-05-28
517,Carmen,Morgan,carmen.morgan@yahoo.com,680.667.5264,Garciahaven,NE,USA,2025-04-10
518,Kayla,Johnson,kayla.johnson@yahoo.com,001-513-325-9333x357,Vangtown,WA,USA,2024-12-23
519,Katherine,Mcdonald,katherine.mcdonald@hotmail.com,645-666-9804x59517,South Kelseyfurt,FL,USA,2024-01-20
520,Jill,Wells,jill.wells@yahoo.com,,East Connieburgh,MD,USA,2024-08-31
521,Dustin,Anderson,dustin.anderson@gmail.com,775.665.0849,Deborahton,MT,USA,2025-05-25
522,Jeffrey,Ward,jeffrey.ward@hotmail.com,(707)964-8577x47678,East Danielle,CO,USA,2025-01-04
523,Stephanie,Gardner,stephanie.gardner@hotmail.com,964.495.9489,Noblestad,NJ,USA,2025-09-07
524,Richard,Arnold,richard.arnold@gmail.com,2382419462,West Melissafurt,KS,USA,2025-04-15
525,Robert,Curry,robert.curry@yahoo.com,673-788-9750x734,Jessicamouth,MI,USA,2023-12-19
526,Pamela,Moore,pamela.moore@hotmail.com,+1-429-996-8686x03327,South Laura,CT,USA,2024-09-09
527,Carolyn,Owens,carolyn.owens@gmail.com,932.442.0252x7749,Josemouth,NJ,USA,2024-04-19
528,Drew,Allen,drew.allen@gmail.com,264.752.2622x00702,North Kevinfurt,GA,USA,2025-07-10
529,Louis,Beasley,louis.beasley@gmail.com,775-534-5916,New Jenniferfurt,IN,USA,2024-06-28
530,Donald,Lopez,donald.lopez@gmail.com,001-826-415-6064x9350,Douglasmouth,NV,USA,2025-07-14
531,Michael,Rodriguez,michael.rodriguez@gmail.com,+1-357-320-3955x845,Lake Charles,OH,USA,2024-05-25
532,Lori,Lopez,lori.lopez@yahoo.com,7853222076,Smithborough,OK,USA,2024-03-31
533,Karen,Hall,karen.hall@yahoo.com,(338)611-4275x791,Donaldsonfort,ND,USA,2024-07-25
534,Christopher,Perry,christopher.perry@yahoo.com,+1-811-605-6896,Williamside,MT,USA,2024-12-28
535,Joseph,Hill,joseph.hill@gmail.com,6504087750,Reynoldsview,AZ,USA,2025-06-26
536,Jessica,Jacobs,jessica.jacobs@hotmail.com,001-227-472-0128x6106,West Andrea,VA,USA,2024-09-27
537,Martha,Graham,martha.graham@yahoo.com,7624781484,North Michael,OR,USA,2024-04-19
538,Karen,Smith,karen.smith@gmail.com,001-647-864-5599x845,Port Dustin,NM,USA,2024-10-05
539,Jennifer,Wilson,jennifer.wilson@gmail.com,687-914-2450x93315,Port Justinstad,CT,USA,2024-08-23
540,Elizabeth,Wu,elizabeth.wu@gmail.com,(901)995-8731,Lake Ashleyburgh,CO,USA,2024-02-10
541,David,Booth,david.booth@hotmail.com,+1-238-586-9165x069,East Samantha,PA,USA,2025-07-06
542,Stacey,Wilson,stacey.wilson@yahoo.com,395-524-8139,North Mariafort,WI,USA,2025-01-13
543,George,Richardson,george.richardson@gmail.com,001-416-441-4943,Lake Christine,MS,USA,2024-09-18
544,Renee,Ramirez,renee.ramirez@yahoo.com,,New Michaelshire,WV,USA,2024-08-05
545,Keith,Arnold,keith.arnold@yahoo.com,+1-752-948-5466x28783,South Mallory,MA,USA,2024-03-30
546,Jason,Cervantes,jason.cervantes@gmail.com,+1-413-218-1893,Gregoryton,NE,USA,2023-11-14
547,Julia,Perez,julia.perez@hotmail.com,9927781297,New Stephanie,AL,USA,2025-05-15
548,Randy,Jones,randy.jones@gmail.com,,South Joshua,CA,USA,2025-03-01
549,Tammie,Brown,tammie.brown@gmail.com,998.700.6647,Flynnchester,ME,USA,2024-03-27
550,Melissa,Chase,melissa.chase@yahoo.com,462.981.4355x219,Anthonyborough,WY,USA,2024-08-27
551,Amanda,Hunt,amanda.hunt@yahoo.com,344.215.8916,Cookton,TN,USA,2025-06-01
552,Paul,Fernandez,paul.fernandez@gmail.com,607.898.4787x499,Jacquelineburgh,KY,USA,2024-03-25
553,Deanna,Carter,deanna.carter@hotmail.com,3223284272,Banksfort,NM,USA,2023-12-16
554,Laura,Shaffer,laura.shaffer@gmail.com,+1-958-573-8374x7047,Goodfurt,ME,USA,2024-02-01
555,John,Russell,john.russell@hotmail.com,732-461-9074x575,Royhaven,HI,USA,2025-06-17
556,Leslie,Richardson,leslie.richardson@yahoo.com,813.386.4006,Warrenfurt,NM,USA,2024-04-18
557,Jeffrey,Edwards,jeffrey.edwards@hotmail.com,001-810-801-0869,Suzannestad,WA,USA,2023-12-31
558,Miguel,Russell,miguel.russell@gmail.com,639-386-7329x8628,Lake Virginia,KS,USA,2025-08-07
559,Lindsey,Pierce,lindsey.pierce@gmail.com,703.920.6116x0809,Port Savannah,DE,USA,2024-12-14
560,Dawn,Rodriguez,dawn.rodriguez@yahoo.com,(892)319-8646,East Matthewberg,AZ,USA,2023-12-06
561,Terri,Torres,terri.torres@yahoo.com,(400)218-3427x77820,Spencerton,NY,USA,2025-09-17
562,Ashley,Foster,ashley.foster@yahoo.com,(376)992-9656x23817,East Jesse,SD,USA,2025-09-28
563,Jessica,Meadows,jessica.meadows@yahoo.com,473-436-9237x165,Walkertown,MN,USA,2024-03-13
564,Adam,Rodriguez,adam.rodriguez@gmail.com,434.357.2237,Millerton,OR,USA,2025-01-15
565,Thomas,Wilcox,thomas.wilcox@gmail.com,001-969-612-0690x0866,North Jasontown,MA,USA,2024-01-21
566,Joshua,Abbott,joshua.abbott@hotmail.com,001-526-883-6902,Port Brandon,IL,USA,2023-12-13
567,Mark,Berg,mark.berg@gmail.com,6758186220,Patrickview,TN,USA,2025-08-25
568,Kimberly,Hartman,kimberly.hartman@hotmail.com,+1-939-831-1530x458,Matthewville,LA,USA,2025-02-07
569,Adam,Horn,adam.horn@yahoo.com,001-327-954-0315x27979,Morashire,LA,USA,2025-04-09
570,Kevin,Lloyd,kevin.lloyd@yahoo.com,707.592.8858x7562,Lake Luis,NJ,USA,2025-03-28
571,Chad,Reynolds,chad.reynolds@hotmail.com,+1-987-255-4556x7367,New Brianstad,IL,USA,2023-12-15
572,Kevin,Garcia,kevin.garcia@hotmail.com,001-606-430-9639x05449,Burnsland,NH,USA,2024-04-05
573,Wanda,Chen,wanda.chen@gmail.com,(926)877-9459,Drakemouth,WY,USA,2024-06-27
574,Jacob,Mclaughlin,jacob.mclaughlin@gmail.com,983-556-7883,Norrisberg,NC,USA,2025-09-19
575,Richard,Bond,richard.bond@gmail.com,307-709-3601x71770,East Shirley,MD,USA,2025-11-08
576,Cindy,Sanchez,cindy.sanchez@yahoo.com,979.719.8085,Lake Kylebury,KS,USA,2025-01-05
577,Rebecca,Mccarthy,rebecca.mccarthy@gmail.com,+1-867-492-6245x8998,Hollandton,IA,USA,2024-09-28
578,Tina,Mitchell,tina.mitchell@gmail.com,755.675.1751x1691,Monicaland,MD,USA,2024-07-03
579,April,Mills,april.mills@hotmail.com,,Schwartzstad,HI,USA,2024-06-18
580,Natalie,Harding,natalie.harding@hotmail.com,9959970663,East Susan,GA,USA,2023-11-30
581,Brianna,Sandoval,brianna.sandoval@hotmail.com,826.918.1734x57124,East Anthony,HI,USA,2024-01-28
582,Tina,Dalton,tina.dalton@gmail.com,(482)822-8089,Thompsonton,PA,USA,2025-03-28
583,Mackenzie,Williams,mackenzie.williams@gmail.com,(969)776-7476x93023,Karentown,CO,USA,2025-05-23
584,Malik,Serrano,malik.serrano@yahoo.com,594.647.7186x92152,South Stephen,KY,USA,2025-01-14
585,Emily,Burke,emily.burke@yahoo.com,771-335-8891x2153,Christinehaven,LA,USA,2025-08-12
586,Sarah,Clark,sarah.clark@hotmail.com,4438067990,Catherinestad,DE,USA,2025-08-11
587,Travis,Brown,travis.brown@gmail.com,8253571263,Leetown,TX,USA,2025-10-28
588,Brian,Kelly,brian.kelly@gmail.com,001-644-935-8927x6956,Port Alfred,OK,USA,2024-05-10
589,Shannon,Cooper,shannon.cooper@gmail.com,811-251-8667x11429,Benjaminberg,SD,USA,2024-12-26
590,Cynthia,Donaldson,cynthia.donaldson@gmail.com,241-732-5212x214,Eileenbury,OH,USA,2024-11-21
591,Deborah,Baldwin,deborah.baldwin@yahoo.com,511.565.9493,Lake Timothybury,VT,USA,2025-07-25
592,David,Deleon,david.deleon@gmail.com,2334344277,East Peggy,OH,USA,2025-08-10
593,Donald,Brown,donald.brown@hotmail.com,248-646-0931,Lake Jessicahaven,SC,USA,2025-03-19
594,Taylor,Hawkins,taylor.hawkins@gmail.com,001-721-465-5200x18042,Colemouth,VA,USA,2023-12-05
595,Kenneth,Jones,kenneth.jones@gmail.com,,Fieldshaven,MA,USA,2025-07-06
596,Kyle,Cain,kyle.cain@hotmail.com,574.430.6495x00105,Mckenzieburgh,HI,USA,2023-12-27
597,Donna,Ford,donna.ford@hotmail.com,001-888-204-9646x518,Lake Craigport,ME,USA,2023-11-23
598,Mia,Davidson,mia.davidson@gmail.com,204-944-9027x78888,Briggsland,ID,USA,2024-03-22
599,Ann,Garcia,ann.garcia@yahoo.com,7415979233,Sandraview,NY,USA,2024-10-01
600,Natalie,Turner,natalie.turner@gmail.com,+1-766-416-2104x055,East Jamieside,FL,USA,2023-11-26
601,Janet,Ware,janet.ware@hotmail.com,433-699-8289x641,New Tyler,CT,USA,2024-09-01
602,Walter,Ross,walter.ross@gmail.com,(507)914-2521x4660,North Christinaberg,MT,USA,2024-09-22
603,Alicia,Harper,alicia.harper@hotmail.com,+1-890-764-6123x1492,Lake Amber,IA,USA,2024-04-06
604,Michael,Sanders,michael.sanders@yahoo.com,+1-239-701-5948,Sarafurt,NE,USA,2024-11-16
605,Patricia,Edwards,patricia.edwards@yahoo.com,951.321.9409x75998,Ramseyburgh,NV,USA,2025-10-21
606,Joseph,Smith,joseph.smith@gmail.com,(897)930-3796x140,Bellbury,NJ,USA,2025-05-04
607,Cindy,Smith,cindy.smith@yahoo.com,+1-991-683-1126x903,Markberg,UT,USA,2025-07-05
608,Anthony,Johnson,anthony.johnson@yahoo.com,413-278-7364x91147,North Robert,MA,USA,2024-10-13
609,Daniel,Cook,daniel.cook@hotmail.com,001-608-297-4236x2209,New Staceyside,RI,USA,2025-06-06
610,Matthew,Murray,matthew.murray@yahoo.com,231.959.8948x2446,Davidland,NV,USA,2025-01-09
611,Paul,Lang,paul.lang@hotmail.com,001-834-638-3901x6950,New Joe,ME,USA,2024-04-09
612,Paula,Johnson,paula.johnson@yahoo.com,689.995.4271x10301,Paigechester,OH,USA,2024-10-31
613,Sharon,Daniel,sharon.daniel@hotmail.com,001-547-680-3250x1831,New Rickyshire,WI,USA,2023-12-21
614,Amy,Dudley,amy.dudley@yahoo.com,(860)337-4909,Saraton,NM,USA,2024-09-21
615,Nicole,Rivera,nicole.rivera@hotmail.com,001-767-943-4884x36658,Sharonton,AZ,USA,2024-12-08
616,Logan,Cook,logan.cook@yahoo.com,599-790-4935,Lake Noahchester,CO,USA,2025-01-19
617,Stacie,Haynes,stacie.haynes@yahoo.com,(666)221-3813x60793,West Lorimouth,OR,USA,2024-07-14
618,Brandon,Douglas,brandon.douglas@hotmail.com,(563)599-9644x01878,West Lauren,WY,USA,2024-01-19
619,Sarah,Johnson,sarah.johnson@hotmail.com,(896)817-1183,Lake Christinebury,CA,USA,2025-06-26
620,Brian,Frank,brian.frank@gmail.com,(834)976-5380x7272,Barrymouth,SC,USA,2024-06-29
621,Frederick,Jones,frederick.jones@hotmail.com,790-886-0619,South Bonniemouth,FL,USA,2025-02-12
622,Katherine,Ward,katherine.ward@gmail.com,966-657-7816,Morrisberg,AK,USA,2025-03-24
623,Carrie,Wheeler,carrie.wheeler@gmail.com,001-896-655-7776,North Veronica,SD,USA,2025-02-03
624,Laura,Sharp,laura.sharp@yahoo.com,+1-980-519-3746x39268,West Tammy,OR,USA,2025-08-26
625,Sue,Lane,sue.lane@yahoo.com,001-913-926-1832x121,Howardtown,DE,USA,2024-09-20
626,Jake,Brown,jake.brown@gmail.com,373-538-3936,Andrewborough,MO,USA,2025-09-29
627,Alex,Ellis,alex.ellis@gmail.com,926.244.2411,East Anne,IA,USA,2024-02-09
628,Danielle,Brooks,danielle.brooks@gmail.com,001-815-602-4204,Lake Janice,WY,USA,2025-03-29
629,Katherine,Ellis,katherine.ellis@yahoo.com,,Port Janeburgh,KS,USA,2023-11-27
630,Diane,Walker,diane.walker@hotmail.com,360.518.0214x896,New Ashley,UT,USA,2025-07-04
631,Scott,Garrett,scott.garrett@yahoo.com,8429863223,West Nathaniel,WV,USA,2024-10-05
632,Austin,Lawrence,austin.lawrence@gmail.com,+1-931-821-2694,West Kathrynmouth,MO,USA,2024-05-15
633,Joshua,Mcconnell,joshua.mcconnell@gmail.com,812.599.7345x79440,Torresbury,WV,USA,2024-06-30
634,James,Smith,james.smith@gmail.com,+1-870-282-1081x14154,South Kathrynland,ID,USA,2025-07-15
635,Sandra,Washington,sandra.washington@yahoo.com,384.383.3659,Markfurt,WY,USA,2025-10-26
636,Sandra,Frederick,sandra.frederick@gmail.com,001-597-820-6611x11137,Baileyview,MS,USA,2024-05-01
637,Michele,Rose,michele.rose@gmail.com,268-625-2764,Johnsontown,AK,USA,2024-08-12
638,Jennifer,Hess,jennifer.hess@gmail.com,899-292-5263,New Robert,MD,USA,2024-01-23
639,Angela,Davis,angela.davis@yahoo.com,+1-796-823-8249,South Taylorstad,KS,USA,2025-07-30
640,Dawn,Chavez,dawn.chavez@gmail.com,+1-404-263-5779x7256,Allenfort,CA,USA,2025-04-20
641,Jessica,Powers,jessica.powers@yahoo.com,2775122868,Stevenview,AL,USA,2024-07-23
642,Devon,Hull,devon.hull@hotmail.com,,Lopezshire,NM,USA,2024-02-16
643,Hannah,Gonzalez,hannah.gonzalez@hotmail.com,001-950-835-6807x22694,Fernandezville,KS,USA,2024-01-30
644,Matthew,Foster,matthew.foster@hotmail.com,(888)800-7311,South Amandaberg,LA,USA,2025-09-23
645,Michelle,Green,michelle.green@hotmail.com,(736)446-9617x1737,Port Justin,CT,USA,2025-06-06
646,Andrea,Gonzalez,andrea.gonzalez@yahoo.com,001-879-636-0349x734,Jessicaberg,MN,USA,2024-05-31
647,Stephen,Chang,stephen.chang@hotmail.com,3367450971,Walkerhaven,IL,USA,2024-02-04
648,John,Thomas,john.thomas@hotmail.com,+1-980-486-0912x536,Courtneystad,NY,USA,2024-12-18
649,Kristy,Russell,kristy.russell@gmail.com,804-980-4959,Ashleyport,MS,USA,2025-05-21
650,Jackie,Smith,jackie.smith@yahoo.com,,Lisastad,VA,USA,2025-10-09
651,Valerie,Morales,valerie.morales@yahoo.com,4108594491,New Davidshire,CT,USA,2024-12-02
652,Thomas,Rose,thomas.rose@gmail.com,+1-892-703-8154x1247,Robertmouth,KS,USA,2025-08-01
653,Donna,Adams,donna.adams@hotmail.com,319.346.1081,North Elizabethfort,WA,USA,2025-04-27
654,Curtis,Miller,curtis.miller@hotmail.com,+1-917-250-5242,South Calebberg,MN,USA,2025-07-15
655,Juan,Thompson,juan.thompson@hotmail.com,001-464-275-0119x8462,New Josephborough,MA,USA,2024-09-26
656,Loretta,Hickman,loretta.hickman@gmail.com,001-838-340-7800,Tiffanyland,SD,USA,2024-02-23
657,Kevin,Contreras,kevin.contreras@yahoo.com,914.359.5068,Lake Katherine,MN,USA,2025-05-09
658,Sabrina,Bailey,sabrina.bailey@yahoo.com,2136095533,Lake Amber,UT,USA,2024-09-09
659,John,Clark,john.clark@yahoo.com,655.804.6703,Pennyhaven,IN,USA,2024-12-21
660,Samantha,Knight,samantha.knight@gmail.com,+1-936-642-1423x8359,New Jenniferfort,CT,USA,2025-10-22
661,Kevin,Mason,kevin.mason@yahoo.com,788-378-3937x746,North Rebeccafort,DE,USA,2023-11-15
662,Matthew,Bennett,matthew.bennett@yahoo.com,842-225-2524x10362,Richardfurt,IA,USA,2024-02-26
663,Angela,Walker,angela.walker@yahoo.com,757-586-6015,North Melissa,AK,USA,2024-04-19
664,Brittney,Briggs,brittney.briggs@yahoo.com,001-683-560-0645x766,Lake Jessicachester,NM,USA,2024-03-07
665,Margaret,Wilson,margaret.wilson@hotmail.com,(806)470-9751,East Amanda,MA,USA,2025-08-03
666,Juan,Snyder,juan.snyder@gmail.com,556.297.2104x416,Chelseashire,WA,USA,2024-01-01
667,Megan,Jones,megan.jones@gmail.com,901-401-1587x85336,Colemanfort,ND,USA,2024-10-15
668,George,Gonzalez,george.gonzalez@hotmail.com,001-399-694-1307x121,South Christinaton,CO,USA,2025-03-06
669,Daniel,Pollard,daniel.pollard@gmail.com,3497554695,Barnesmouth,OH,USA,2024-06-18
670,Holly,Owens,holly.owens@yahoo.com,687.891.5322,East Robert,WA,USA,2025-07-31
671,Timothy,Fowler,timothy.fowler@hotmail.com,001-652-882-7432x0902,Starkstad,MS,USA,2024-08-14
672,Cynthia,Robles,cynthia.robles@hotmail.com,001-225-950-2125,Michaelberg,IN,USA,2024-02-17
673,Barbara,Diaz,barbara.diaz@hotmail.com,001-903-450-7371x904,Reyeshaven,KS,USA,2025-03-30
674,Michael,Lopez,michael.lopez@hotmail.com,(279)710-2125x0347,New Matthewhaven,SD,USA,2025-08-30
675,Ricky,Blevins,ricky.blevins@gmail.com,669-210-0767x36316,Port Sara,CT,USA,2025-05-02
676,Maria,Herman,maria.herman@hotmail.com,001-522-778-5608x7617,East Kayla,TX,USA,2025-09-07
677,Anne,Underwood,anne.underwood@yahoo.com,(891)810-2898x754,Tracyfort,WY,USA,2024-08-08
678,Michael,Wong,michael.wong@yahoo.com,6779554388,Brookston,KY,USA,2025-08-23
679,Jasmine,Martinez,jasmine.martinez@gmail.com,,New Marcus,MO,USA,2024-08-05
680,Jennifer,Ho,jennifer.ho@hotmail.com,(416)963-9254x243,Willisport,MO,USA,2024-01-01
681,Jacqueline,Mckinney,jacqueline.mckinney@yahoo.com,584-237-5942,Potterfort,KY,USA,2025-02-15
682,Jessica,Gardner,jessica.gardner@gmail.com,(945)297-8703x4653,Robinshire,HI,USA,2025-08-07
683,James,Reyes,james.reyes@hotmail.com,001-836-318-1168,Patrickfort,NH,USA,2025-01-16
684,Jessica,Gilbert,jessica.gilbert@yahoo.com,001-815-658-7407x4494,Jamesborough,AR,USA,2024-09-30
685,Matthew,Lawrence,matthew.lawrence@gmail.com,+1-533-899-2325x02258,Port Randy,AL,USA,2024-05-07
686,Rebecca,Hayes,rebecca.hayes@gmail.com,480.233.8635x6111,Lake Jessicaside,MD,USA,2025-03-21
687,Wendy,Mora,wendy.mora@gmail.com,645-692-7093,East Dianashire,OK,USA,2024-06-18
688,Alicia,Miller,alicia.miller@gmail.com,(226)239-9588,West Jonathan,MD,USA,2024-10-01
689,Mark,Manning,mark.manning@yahoo.com,,Steventown,IN,USA,2024-05-05
690,Kimberly,Ryan,kimberly.ryan@yahoo.com,001-440-240-1980,Owenchester,SD,USA,2024-09-21
691,Stephanie,Patel,stephanie.patel@hotmail.com,838.373.6875,Port Alexandraberg,GA,USA,2025-02-23
692,Brian,Wilson,brian.wilson@hotmail.com,+1-926-269-4750x22609,Brandonfurt,AL,USA,2023-12-14
693,Calvin,Frank,calvin.frank@yahoo.com,701-363-3549x5274,South Bonnieland,MT,USA,2024-06-29
694,Jonathan,Johnson,jonathan.johnson@hotmail.com,001-998-461-3002x3527,Lake Ellen,NM,USA,2024-09-29
695,Jesse,Cochran,jesse.cochran@gmail.com,881-314-8129x00524,West Brooke,IA,USA,2025-07-31
696,Stephen,Walter,stephen.walter@gmail.com,(431)744-9158,North Matthew,PA,USA,2023-12-27
697,Ashley,Thompson,ashley.thompson@yahoo.com,470.254.7488,Smithville,AL,USA,2025-08-14
698,Marcus,Gonzalez,marcus.gonzalez@yahoo.com,+1-524-735-2318x95062,Melendezborough,SC,USA,2025-03-18
699,Stephanie,Best,stephanie.best@gmail.com,254.514.4998x91994,Aliland,KS,USA,2025-04-12
700,Patrick,Gallegos,patrick.gallegos@gmail.com,698-290-7023x193,Port Sheri,MI,USA,2025-09-18
701,Ann,Jimenez,ann.jimenez@yahoo.com,222.346.4219x2526,North Stephenland,MT,USA,2024-09-19
702,Susan,Harris,susan.harris@yahoo.com,+1-855-843-3491x14377,Williamsburgh,KS,USA,2025-06-24
703,Tanya,Taylor,tanya.taylor@yahoo.com,720-850-3843,East Sheila,KY,USA,2024-09-20
704,Donald,Thompson,donald.thompson@hotmail.com,001-246-711-5035x10327,New Erika,IL,USA,2025-02-12
705,Brandon,Hill,brandon.hill@yahoo.com,5076555147,Smithborough,OR,USA,2025-05-09
706,Tina,Fisher,tina.fisher@yahoo.com,693-563-1448,East Randy,ME,USA,2024-09-14
707,Kelly,Gordon,kelly.gordon@gmail.com,619-258-8933x669,South Loristad,WA,USA,2025-06-14
708,Ryan,Johnson,ryan.johnson@hotmail.com,6252372905,West Michaelborough,AR,USA,2024-09-02
709,Regina,Holmes,regina.holmes@yahoo.com,3488250417,Onealfort,TX,USA,2023-12-05
710,Bonnie,Black,bonnie.black@hotmail.com,7646677295,West Daniel,DE,USA,2024-10-28
711,Danielle,Wilson,danielle.wilson@hotmail.com,+1-941-976-7285x706,North Charles,CO,USA,2024-01-25
712,Jessica,Robles,jessica.robles@yahoo.com,2477243948,Johnshire,OH,USA,2024-03-10
713,Sandra,Brady,sandra.brady@yahoo.com,001-440-493-0674x167,Holmesburgh,DE,USA,2024-12-16
714,Angela,Patton,angela.patton@hotmail.com,001-829-378-7533x973,Port Dalemouth,OK,USA,2024-12-20
715,Larry,Morales,larry.morales@gmail.com,2686720979,Travisbury,NE,USA,2025-02-14
716,Stephanie,Martinez,stephanie.martinez@gmail.com,821-790-5739x0692,Billyside,LA,USA,2025-06-01
717,David,Berry,david.berry@hotmail.com,+1-493-273-1022x2609,Brownport,DE,USA,2025-02-14
718,Samantha,Reed,samantha.reed@gmail.com,+1-933-373-9592x226,Port Grantmouth,DE,USA,2025-03-02
719,Dan,Thornton,dan.thornton@hotmail.com,857-430-4304x17441,East Annaville,LA,USA,2025-02-07
720,Kenneth,Buck,kenneth.buck@yahoo.com,,Nicholaschester,TN,USA,2025-03-10
721,William,Levy,william.levy@yahoo.com,+1-735-468-5670x65473,New Danielle,AL,USA,2025-05-08
722,Becky,Flores,becky.flores@gmail.com,852-454-3275,North Timothybury,MA,USA,2025-10-06
723,Veronica,Martin,veronica.martin@hotmail.com,001-761-797-0988x380,Kimmouth,OK,USA,2025-06-09
724,Douglas,Garcia,douglas.garcia@yahoo.com,,Franciscomouth,MN,USA,2024-07-24
725,Karen,Ross,karen.ross@yahoo.com,997-533-1888,Timothyshire,UT,USA,2025-08-25
726,Anthony,Miller,anthony.miller@gmail.com,(654)839-0022x19428,New Elizabeth,CA,USA,2025-11-04
727,Jodi,Ortiz,jodi.ortiz@hotmail.com,+1-629-989-9733x0700,South Barbara,WA,USA,2025-02-15
728,Cynthia,Griffith,cynthia.griffith@yahoo.com,(785)365-7096,Hughesbury,KS,USA,2024-03-19
729,James,Smith,james.smith@yahoo.com,(369)971-3421x937,Marissaville,LA,USA,2024-03-31
730,Lacey,Todd,lacey.todd@yahoo.com,931.793.3142x51682,Waremouth,NC,USA,2024-08-06
731,Christopher,Padilla,christopher.padilla@hotmail.com,,Lake Ashleytown,OK,USA,2024-09-02
732,Courtney,Lewis,courtney.lewis@yahoo.com,931.636.4726,Claymouth,MN,USA,2025-05-20
733,Elizabeth,Erickson,elizabeth.erickson@hotmail.com,749-287-2147x655,North Marychester,VT,USA,2024-02-13
734,Michelle,Giles,michelle.giles@yahoo.com,001-859-205-6443,East Megan,NV,USA,2024-07-24
735,Carla,Walker,carla.walker@hotmail.com,2464214589,Boothmouth,IN,USA,2024-07-03
736,Natalie,Delgado,natalie.delgado@hotmail.com,001-367-625-8186x1769,Michaelstad,IL,USA,2024-08-25
737,Gina,Collins,gina.collins@yahoo.com,861-980-5785,North Jason,WA,USA,2025-06-08
738,Brian,Smith,brian.smith@gmail.com,+1-477-847-8068x726,Jonathanhaven,WV,USA,2025-01-13
739,Andrew,Thompson,andrew.thompson@gmail.com,664-917-9986,North Charlesville,IA,USA,2024-11-18
740,Carla,Castaneda,carla.castaneda@yahoo.com,+1-926-938-1970x2179,New Melissa,RI,USA,2024-12-01
741,Anna,Turner,anna.turner@hotmail.com,849-296-0289x3875,West Matthew,MO,USA,2024-12-30
742,Kenneth,Osborne,kenneth.osborne@hotmail.com,999-242-3758x733,Bradleyton,ME,USA,2025-06-04
743,Amanda,Garza,amanda.garza@hotmail.com,001-414-460-2243,Castroland,SD,USA,2025-04-06
744,Sheila,Wallace,sheila.wallace@yahoo.com,215.707.9665x3517,New Jesse,ID,USA,2025-03-25
745,Patrick,Mccall,patrick.mccall@hotmail.com,(962)800-1330,Lake Louisburgh,WV,USA,2024-12-21
746,Tyler,Smith,tyler.smith@hotmail.com,(978)934-9172x350,Deborahshire,NH,USA,2025-02-27
747,Thomas,Williams,thomas.williams@hotmail.com,,Chavezland,LA,USA,2025-06-30
748,Andrea,Mcintyre,andrea.mcintyre@hotmail.com,537.484.3384x938,Lake Julia,WA,USA,2024-06-27
749,Jennifer,Bennett,jennifer.bennett@hotmail.com,+1-686-561-7050x20499,North Karenland,CA,USA,2024-10-02
750,April,Rodriguez,april.rodriguez@gmail.com,505-343-8322x88717,West Tristan,CA,USA,2024-09-29
751,David,Henson,david.henson@yahoo.com,,Wheelerport,VA,USA,2024-08-24
752,William,Baker,william.baker@hotmail.com,2554147064,Davidland,WY,USA,2025-04-23
753,Charles,Cole,charles.cole@gmail.com,419-799-1107x265,New Christopher,AK,USA,2024-08-15
754,Richard,Rice,richard.rice@yahoo.com,977-546-9346,New Ericaland,CT,USA,2025-04-10
755,Jenna,Davis,jenna.davis@gmail.com,,South Darrenbury,GA,USA,2025-03-02
756,Stephanie,Flores,stephanie.flores@hotmail.com,001-251-470-9140,East Charlesshire,RI,USA,2025-05-03
757,Manuel,Huang,manuel.huang@gmail.com,001-313-644-0879x36519,Middletonbury,AZ,USA,2024-12-12
758,Leslie,Payne,leslie.payne@yahoo.com,3188038190,Medinaside,RI,USA,2025-10-08
759,Jeff,Cobb,jeff.cobb@hotmail.com,001-261-731-3230x7552,Shannonberg,OR,USA,2024-09-19
760,George,Vargas,george.vargas@yahoo.com,(641)884-6753,Pooleberg,PA,USA,2024-11-19
761,Wanda,Thomas,wanda.thomas@yahoo.com,308.603.1365x60940,Port Mariehaven,KS,USA,2025-03-19
762,Christopher,Garcia,christopher.garcia@yahoo.com,001-518-988-4505,Grantburgh,IL,USA,2024-01-10
763,William,Morris,william.morris@gmail.com,388.350.2488,New Catherine,IA,USA,2024-06-18
764,Eric,Olson,eric.olson@yahoo.com,505.614.4438x617,Danielmouth,FL,USA,2024-05-03
765,Benjamin,Wood,benjamin.wood@yahoo.com,8778056066,Lake Teresa,PA,USA,2025-10-12
766,Jason,Jackson,jason.jackson@gmail.com,+1-547-620-9815,East Brittanymouth,MT,USA,2025-09-03
767,Sara,Anderson,sara.anderson@hotmail.com,5844829624,Andreaborough,WA,USA,2024-12-04
768,Brianna,Castillo,brianna.castillo@gmail.com,924-730-6267x47502,Lopezborough,MA,USA,2025-03-11
769,Lauren,Fox,lauren.fox@hotmail.com,954-341-5716x67648,West Nicole,MI,USA,2025-01-11
770,Melissa,Oconnor,melissa.oconnor@gmail.com,+1-902-521-0345,New Paul,TX,USA,2024-09-22
771,Russell,Scott,russell.scott@gmail.com,906-663-5648,Lake Michaelville,LA,USA,2024-11-21
772,Loretta,Martinez,loretta.martinez@gmail.com,001-360-991-7648x01405,Kaylafurt,NM,USA,2023-11-20
773,Martin,Myers,martin.myers@gmail.com,779-490-0180x3670,South Brian,MT,USA,2024-10-18
774,Eric,Ortiz,eric.ortiz@yahoo.com,(623)954-0036,Lake Ronaldmouth,OR,USA,2025-03-07
775,Jennifer,Wells,jennifer.wells@gmail.com,904.663.2730,Patelville,MA,USA,2023-12-24
776,Kirk,Robinson,kirk.robinson@hotmail.com,(799)938-7882x160,Port Diana,IN,USA,2025-04-21
777,Joanna,Christensen,joanna.christensen@gmail.com,278.883.7810,South Kathleen,NY,USA,2024-01-08
778,Vernon,Short,vernon.short@yahoo.com,001-931-567-2197x9995,East Erinfurt,SD,USA,2025-10-03
779,Robert,Wong,robert.wong@gmail.com,2478684100,South Hollyborough,WY,USA,2025-03-01
780,Andrew,Oneal,andrew.oneal@yahoo.com,737.951.3728,New Christinafurt,AR,USA,2025-01-25
781,Amy,Mitchell,amy.mitchell@yahoo.com,001-890-823-8440x9295,South Cassie,WY,USA,2024-04-10
782,Courtney,Jones,courtney.jones@yahoo.com,8003264045,South Christopher,NM,USA,2024-06-21
783,Dalton,Lawson,dalton.lawson@gmail.com,001-610-565-8069x1093,South Jasonshire,OK,USA,2024-09-02
784,Melanie,Daniels,melanie.daniels@yahoo.com,001-888-531-4190x3595,Castillotown,HI,USA,2024-11-25
785,Kelsey,Leonard,kelsey.leonard@gmail.com,+1-623-525-8878x641,New Lauren,AR,USA,2024-10-30
786,Danielle,Santos,danielle.santos@hotmail.com,+1-694-573-3693x3348,Christopherberg,PA,USA,2025-10-30
787,Sarah,Walker,sarah.walker@gmail.com,724.913.3839x9325,North Lynnview,ME,USA,2024-03-06
788,John,Shepherd,john.shepherd@gmail.com,3246480464,New Kennethborough,AZ,USA,2025-06-26
789,Thomas,Robinson,thomas.robinson@gmail.com,+1-721-517-9383x49901,Hernandezton,IA,USA,2025-01-26
790,Michael,Moore,michael.moore@gmail.com,001-907-973-8783x3530,Janetview,NV,USA,2024-10-20
791,Angela,Mcgee,angela.mcgee@hotmail.com,901.927.5722x84921,Ramirezmouth,NH,USA,2024-07-29
792,Bryan,Blankenship,bryan.blankenship@yahoo.com,426.315.7890,East Mark,NV,USA,2024-03-05
793,Justin,Hardin,justin.hardin@hotmail.com,001-986-585-2592x798,Cruzmouth,VA,USA,2024-05-24
794,Jacqueline,White,jacqueline.white@yahoo.com,723-359-3022x78573,Gibsonbury,PA,USA,2024-02-17
795,Jeffrey,Rice,jeffrey.rice@gmail.com,526.749.1907x7682,Hallfort,MA,USA,2024-03-25
796,Julie,Gallagher,julie.gallagher@gmail.com,,Roberthaven,DE,USA,2025-02-18
797,Teresa,Donaldson,teresa.donaldson@gmail.com,981.292.7744x6323,North Joshua,TN,USA,2024-11-16
798,Kathryn,Reed,kathryn.reed@hotmail.com,991-711-2305x2173,North Edward,MD,USA,2024-09-21
799,Elizabeth,Jefferson,elizabeth.jefferson@gmail.com,001-839-856-1054x475,North Jonathanport,NY,USA,2024-01-17
800,Larry,Brown,larry.brown@yahoo.com,001-571-325-0512x675,West Sarahside,WA,USA,2025-04-06
801,Dylan,Kelley,dylan.kelley@yahoo.com,613.863.0140,Whiteside,NJ,USA,2024-08-25
802,Benjamin,Watson,benjamin.watson@gmail.com,2254345834,Estradamouth,TN,USA,2024-09-15
803,Paul,Ford,paul.ford@hotmail.com,,Parksfort,NM,USA,2023-12-10
804,Paul,Ellis,paul.ellis@yahoo.com,791.955.2128x4094,Carolineberg,KS,USA,2024-04-07
805,Michael,Austin,michael.austin@hotmail.com,9945115027,South Emilychester,MD,USA,2024-12-18
806,Bailey,Ramsey,bailey.ramsey@yahoo.com,6645139592,Shanemouth,SC,USA,2025-07-23
807,Karen,Adkins,karen.adkins@gmail.com,321.685.9637,Daviston,OK,USA,2025-05-23
808,Laura,Martin,laura.martin@gmail.com,(782)787-0099x5803,Port Kennethstad,CA,USA,2025-04-08
809,Samantha,Wilson,samantha.wilson@gmail.com,+1-889-469-4871x891,Johnfurt,IL,USA,2024-12-15
810,Mary,Walls,mary.walls@yahoo.com,(651)779-0451x8170,Cisnerosmouth,CA,USA,2025-07-07
811,William,Brown,william.brown@hotmail.com,(750)474-8388x478,Mariamouth,NM,USA,2025-10-04
812,Spencer,Simpson,spencer.simpson@yahoo.com,657-716-6152,Port Susan,DE,USA,2024-09-25
813,Christopher,Hill,christopher.hill@gmail.com,5966151332,Rebeccaville,VA,USA,2024-10-08
814,Stephen,Morgan,stephen.morgan@gmail.com,(905)525-5996x774,Parsonsview,NE,USA,2023-12-05
815,Tanya,Navarro,tanya.navarro@yahoo.com,(647)665-1984x17048,New Dawnmouth,VT,USA,2024-10-22
816,Yolanda,Carter,yolanda.carter@gmail.com,468-347-7108x49211,Jeremyberg,UT,USA,2024-04-04
817,Danny,Stephens,danny.stephens@yahoo.com,+1-233-665-2300x9702,Rachelbury,ME,USA,2025-02-16
818,Karen,Lara,karen.lara@yahoo.com,+1-244-772-5264x36785,Melissahaven,WA,USA,2025-10-22
819,Amy,Barnes,amy.barnes@gmail.com,001-599-839-2595x704,Wangfort,CO,USA,2024-01-12
820,Miguel,Erickson,miguel.erickson@hotmail.com,001-788-609-1996x2917,Elizabethview,TX,USA,2024-08-20
821,Michael,Moreno,michael.moreno@hotmail.com,(952)334-5756,Lake Patrick,CO,USA,2025-08-16
822,Susan,Santiago,susan.santiago@hotmail.com,625.984.1162x057,Richardtown,IA,USA,2025-06-03
823,Ruth,Robinson,ruth.robinson@yahoo.com,249.961.4324x8614,Brittanyville,WA,USA,2024-02-04
824,Kimberly,Johnson,kimberly.johnson@hotmail.com,793.755.9136,West Aliciaside,MN,USA,2024-04-14
825,Joshua,Perez,joshua.perez@gmail.com,+1-328-805-8462x251,Sanfordfort,TN,USA,2024-01-20
826,Lisa,Jackson,lisa.jackson@gmail.com,001-512-473-3721x6533,West Brian,RI,USA,2024-11-14
827,Mark,Smith,mark.smith@yahoo.com,+1-900-867-7910x266,Michaelberg,MA,USA,2023-12-31
828,Chelsea,Hayden,chelsea.hayden@hotmail.com,001-886-462-8646x4089,Riveraport,MN,USA,2025-11-05
829,Lauren,Strong,lauren.strong@hotmail.com,490.377.6150,Camposmouth,MT,USA,2023-11-18
830,Jared,Lee,jared.lee@yahoo.com,+1-422-984-6308x706,New Kristin,MT,USA,2024-02-08
831,Ashley,Hill,ashley.hill@hotmail.com,+1-247-544-3426,Timothyton,VT,USA,2024-11-28
832,Miranda,Lopez,miranda.lopez@hotmail.com,272-246-3103,New Anthonymouth,OH,USA,2024-06-25
833,Yolanda,Smith,yolanda.smith@hotmail.com,,New Scott,VA,USA,2024-10-28
834,Yvonne,Taylor,yvonne.taylor@yahoo.com,662.425.7597,South Karafort,NM,USA,2025-07-26
835,Thomas,Watson,thomas.watson@yahoo.com,,West Curtishaven,AK,USA,2024-10-22
836,Jennifer,Cook,jennifer.cook@yahoo.com,500.244.0889,Port Kimberly,CO,USA,2024-11-01
837,Erica,Lowe,erica.lowe@hotmail.com,+1-655-282-1180x04681,East Caseyville,IA,USA,2025-06-17
838,Joshua,Scott,joshua.scott@hotmail.com,001-799-883-9579x12840,West Matthewfort,NH,USA,2024-07-01
839,Mary,Mendoza,mary.mendoza@gmail.com,(358)399-8659,North Jamesside,ME,USA,2024-10-15
840,Cameron,Thomas,cameron.thomas@hotmail.com,426-417-9792x13026,Freemanborough,CA,USA,2024-05-25
841,Christopher,Walker,christopher.walker@yahoo.com,702.523.7513,Johnnychester,OH,USA,2025-01-01
842,Amber,Scott,amber.scott@yahoo.com,001-517-701-3988,Wilkinsberg,NM,USA,2025-01-31
843,Dana,Johnson,dana.johnson@hotmail.com,(607)522-5700,Port Alexis,AK,USA,2025-02-16
844,Tyler,Mills,tyler.mills@gmail.com,813-443-8264x998,New Rachael,OH,USA,2024-05-18
845,Daniel,Fuller,daniel.fuller@hotmail.com,(479)438-6673x2281,South Alyssa,TX,USA,2024-06-25
846,Krystal,Palmer,krystal.palmer@hotmail.com,+1-730-447-9085,Bankston,NV,USA,2024-06-08
847,Kimberly,Elliott,kimberly.elliott@yahoo.com,,Thomasfort,MT,USA,2024-02-13
848,Ernest,Olson,ernest.olson@yahoo.com,+1-996-543-8111x97551,North Amymouth,AZ,USA,2024-12-15
849,Lisa,Williams,lisa.williams@gmail.com,+1-765-384-8518x37938,Port Aprilfurt,VT,USA,2024-12-28
850,Andrew,Franklin,andrew.franklin@yahoo.com,559.234.4248,West Anthonyside,MO,USA,2024-08-18
851,Michael,Parker,michael.parker@gmail.com,001-571-986-0509x10656,South Jenniferborough,MO,USA,2025-08-02
852,John,Pierce,john.pierce@hotmail.com,372.368.9331,Joshuahaven,ND,USA,2025-01-02
853,Stephen,Snyder,stephen.snyder@hotmail.com,8103214444,Linborough,ID,USA,2023-12-10
854,Chad,Lawson,chad.lawson@gmail.com,(723)883-4816,New Sarabury,OK,USA,2024-07-05
855,Marissa,Williams,marissa.williams@hotmail.com,,South Tinamouth,OR,USA,2025-05-27
856,Veronica,Gonzales,veronica.gonzales@gmail.com,350-259-1845x01810,Garciaburgh,WV,USA,2024-11-19
857,Richard,Jimenez,richard.jimenez@yahoo.com,890-825-5287x903,Jordanton,UT,USA,2024-03-03
858,Austin,Hernandez,austin.hernandez@gmail.com,(841)895-6428x40882,New Gabriellestad,OK,USA,2024-02-29
859,Alicia,Osborne,alicia.osborne@yahoo.com,(289)271-4161x0952,Crystalmouth,MS,USA,2024-05-07
860,Elizabeth,Griffin,elizabeth.griffin@hotmail.com,611-494-0315,North Aliciahaven,IN,USA,2025-05-04
861,Patricia,Kelly,patricia.kelly@gmail.com,850.817.7604x71661,East Melissaburgh,MA,USA,2025-04-19
862,Molly,Boyer,molly.boyer@gmail.com,001-453-571-0721,South Claytonburgh,ND,USA,2025-02-10
863,Brandon,Lindsey,brandon.lindsey@gmail.com,580.823.9303x2189,Hawkinsfort,LA,USA,2024-11-08
864,Joseph,Moore,joseph.moore@yahoo.com,001-659-498-9814x430,Sheribury,KS,USA,2024-01-10
865,Sarah,Green,sarah.green@yahoo.com,9687017895,Ginaport,NC,USA,2024-03-01
866,Nathan,Boyd,nathan.boyd@gmail.com,+1-790-520-1327,South Linda,NM,USA,2024-08-21
867,Christine,Kirby,christine.kirby@hotmail.com,+1-799-615-3971x15977,South Daniel,OK,USA,2025-05-21
868,Chris,Henry,chris.henry@hotmail.com,(411)474-0011,East Sherry,AR,USA,2025-09-10
869,John,Barrett,john.barrett@hotmail.com,+1-303-390-3640x365,Jaredville,LA,USA,2024-06-29
870,Daniel,Conrad,daniel.conrad@hotmail.com,+1-710-381-3481x462,East Joelstad,ME,USA,2024-08-27
871,Todd,Schultz,todd.schultz@yahoo.com,,Cooktown,OH,USA,2025-04-26
872,Brooke,Zuniga,brooke.zuniga@yahoo.com,001-346-202-1706,Port Dana,AL,USA,2025-03-02
873,Carolyn,Gentry,carolyn.gentry@gmail.com,001-620-609-5084x8636,Port Erinview,MD,USA,2024-08-20
874,Joshua,Rivera,joshua.rivera@gmail.com,765.992.7929,West Kirsten,MS,USA,2024-07-07
875,Erin,Peterson,erin.peterson@hotmail.com,001-298-792-4816,Keyburgh,HI,USA,2024-05-10
876,Christine,Wilson,christine.wilson@yahoo.com,+1-373-589-3634x64482,Port Robert,VT,USA,2024-09-19
877,Kelly,Harper,kelly.harper@yahoo.com,001-979-976-5364,Raymondland,NE,USA,2025-09-23
878,Andrew,Henry,andrew.henry@yahoo.com,+1-691-741-4246x295,West Williambury,NY,USA,2024-01-12
879,Jason,Stout,jason.stout@hotmail.com,6888300589,North Jonathan,CO,USA,2025-04-20
880,Andrea,Brooks,andrea.brooks@hotmail.com,577-358-7266x0965,Patrickside,WI,USA,2025-02-18
881,John,Garcia,john.garcia@yahoo.com,+1-339-256-4787x5141,Porterstad,NY,USA,2024-08-23
882,Ryan,Owen,ryan.owen@gmail.com,+1-401-890-8309x80982,West Molly,AR,USA,2024-07-23
883,Joann,Orozco,joann.orozco@hotmail.com,4723914107,Williamberg,ME,USA,2024-02-19
884,Omar,Stephens,omar.stephens@gmail.com,251-263-2058x948,West Kent,UT,USA,2024-10-31
885,Donna,Huber,donna.huber@gmail.com,001-234-823-4471x7934,Davidborough,OK,USA,2025-09-23
886,Kathy,Jackson,kathy.jackson@hotmail.com,,Richardfort,ID,USA,2025-01-14
887,Frank,Parsons,frank.parsons@gmail.com,+1-989-928-1021,Nicholasview,ND,USA,2024-11-03
888,Kim,Hancock,kim.hancock@yahoo.com,283.554.2987x58960,Port Denisefurt,AR,USA,2024-07-19
889,Thomas,Moore,thomas.moore@hotmail.com,279.225.5053,Morrowborough,CA,USA,2025-10-12
890,Ryan,Harris,ryan.harris@yahoo.com,367.373.5496,West Steventon,WI,USA,2025-04-19
891,Jared,Zimmerman,jared.zimmerman@hotmail.com,628.715.6821x233,Russoside,IA,USA,2023-11-25
892,Ronald,Smith,ronald.smith@gmail.com,6858833092,Brittanystad,MS,USA,2024-07-16
893,Alyssa,Alexander,alyssa.alexander@gmail.com,(854)700-9012x1229,Williamsburgh,WY,USA,2025-04-11
894,David,Rush,david.rush@hotmail.com,+1-966-882-9871x75561,East Kennethhaven,UT,USA,2025-08-28
895,Scott,Williams,scott.williams@yahoo.com,001-862-755-9376,Hamiltonfort,HI,USA,2025-01-18
896,Michael,Harris,michael.harris@hotmail.com,333-934-5763,New Lisa,MT,USA,2025-06-16
897,Brian,Phillips,brian.phillips@hotmail.com,518-405-1376x801,New Beth,OH,USA,2024-07-24
898,Vanessa,Walker,vanessa.walker@hotmail.com,981.265.5791,Drewport,WA,USA,2025-01-23
899,Emily,Mcguire,emily.mcguire@hotmail.com,844-743-2693,New Jenniferfort,IN,USA,2025-05-14
900,Jose,Hale,jose.hale@gmail.com,317.386.6726x73514,Port Cynthiaside,NM,USA,2025-01-13
901,Tammy,King,tammy.king@gmail.com,+1-287-264-1534x37838,East Ericland,OK,USA,2024-09-21
902,Pamela,Brown,pamela.brown@yahoo.com,444.773.3998x7651,North Gloria,TN,USA,2024-09-15
903,Bradley,Pierce,bradley.pierce@yahoo.com,(681)501-4703x224,Jamesview,DE,USA,2025-03-30
904,Nicholas,Wise,nicholas.wise@yahoo.com,228-619-1292x8581,Lake Meganshire,TN,USA,2025-06-19
905,Susan,Young,susan.young@yahoo.com,693.962.6317,Lewismouth,AK,USA,2023-12-05
906,Deborah,Johnson,deborah.johnson@gmail.com,839.860.4907,Katieton,WA,USA,2025-08-19
907,Richard,Murray,richard.murray@yahoo.com,2467213495,Katrinaton,NV,USA,2024-10-06
908,Caroline,Kerr,caroline.kerr@yahoo.com,354.502.6601x18546,Lake Jessehaven,KY,USA,2024-04-30
909,Christine,Terry,christine.terry@gmail.com,001-818-337-8457x1650,South John,IN,USA,2023-12-08
910,Robert,Peterson,robert.peterson@hotmail.com,001-933-720-2087x23916,Lake Janetberg,AR,USA,2025-06-22
911,Mason,James,mason.james@yahoo.com,,Brianchester,MT,USA,2024-08-13
912,Eric,Thomas,eric.thomas@hotmail.com,536-323-3487x72649,East Michaelville,RI,USA,2023-12-09
913,Glenn,Graham,glenn.graham@yahoo.com,676.668.5895,New Albert,GA,USA,2024-09-26
914,Jose,Kim,jose.kim@yahoo.com,001-755-928-5647x80552,Leahstad,AZ,USA,2024-02-03
915,Renee,Richards,renee.richards@gmail.com,+1-738-392-9860x737,Lake Devin,OH,USA,2024-08-21
916,Michael,Robertson,michael.robertson@yahoo.com,797-669-8887,Marcmouth,NC,USA,2024-02-02
917,Frank,Green,frank.green@gmail.com,001-906-374-0335x08523,New Jacobbury,MI,USA,2024-05-20
918,Natasha,Pitts,natasha.pitts@yahoo.com,(453)780-3329x8620,Clarkmouth,VT,USA,2024-01-04
919,Charles,Rodriguez,charles.rodriguez@yahoo.com,395-306-4169,East Maryfort,CT,USA,2025-05-09
920,Becky,Hutchinson,becky.hutchinson@gmail.com,933.226.5730,Garciaville,KS,USA,2025-10-06
921,Melissa,Parker,melissa.parker@gmail.com,001-766-216-6450,Danielville,NJ,USA,2024-09-29
922,Laura,Ramirez,laura.ramirez@gmail.com,7682709319,Trujillomouth,AZ,USA,2025-07-05
923,Steven,Smith,steven.smith@yahoo.com,+1-804-525-5111x3938,New Jeff,AL,USA,2024-04-08
924,Olivia,Thompson,olivia.thompson@hotmail.com,226-779-4617x845,West Tarachester,MT,USA,2025-04-10
925,Taylor,Andrade,taylor.andrade@yahoo.com,+1-478-610-5316x96657,Gonzalezview,MS,USA,2024-05-25
926,Anna,Reed,anna.reed@gmail.com,(690)901-6108,Lake Kara,MS,USA,2024-04-21
927,Derek,Curry,derek.curry@yahoo.com,001-501-601-0597x7839,Mooreburgh,IL,USA,2025-01-09
928,Dustin,Lopez,dustin.lopez@yahoo.com,613.325.0268x0465,Melissaburgh,AR,USA,2024-11-13
929,Lauren,Greene,lauren.greene@gmail.com,971-211-2168x4510,East Jenniferville,SD,USA,2025-11-10
930,Natalie,Goodman,natalie.goodman@hotmail.com,001-829-922-1564x72210,North Tinaton,HI,USA,2025-08-02
931,Sheila,Morris,sheila.morris@yahoo.com,001-656-773-2521x46781,Lake Karenchester,MT,USA,2025-11-05
932,Holly,Arias,holly.arias@yahoo.com,534.741.1345x3161,Lake Matthew,MA,USA,2024-04-10
933,Jessica,Park,jessica.park@hotmail.com,883-621-6534,Port Ryan,VT,USA,2025-02-23
934,Kristin,Ryan,kristin.ryan@hotmail.com,+1-871-389-2911,Natalieborough,CT,USA,2025-04-26
935,William,Morgan,william.morgan@yahoo.com,900-631-1701x72474,Johnburgh,NH,USA,2024-04-06
936,Abigail,Dougherty,abigail.dougherty@hotmail.com,+1-576-584-5142,Lake Markberg,NM,USA,2024-06-20
937,Kathy,Nolan,kathy.nolan@gmail.com,001-442-684-6042,West Kellyville,CO,USA,2025-11-08
938,Dana,Cooper,dana.cooper@yahoo.com,470.351.5272,Port Evan,AL,USA,2024-01-24
939,Christine,Long,christine.long@gmail.com,,East Alexandraburgh,FL,USA,2024-10-15
940,Kelly,Jackson,kelly.jackson@hotmail.com,+1-279-814-7246x334,North Carolshire,KS,USA,2025-10-24
941,Heidi,Horton,heidi.horton@yahoo.com,425-371-2009,New Brentstad,ND,USA,2023-12-16
942,Toni,Myers,toni.myers@hotmail.com,001-447-777-4172,Montoyamouth,OK,USA,2025-03-29
943,Kristen,Murphy,kristen.murphy@hotmail.com,7508722626,Port Christianshire,MO,USA,2025-09-07
944,Timothy,Nicholson,timothy.nicholson@hotmail.com,+1-842-676-2122x512,East Kimberly,OK,USA,2024-01-15
945,Willie,Morris,willie.morris@gmail.com,+1-807-298-6476x757,New Amandamouth,WA,USA,2024-10-29
946,Jonathan,Sanchez,jonathan.sanchez@yahoo.com,6228940459,Cynthiahaven,MT,USA,2024-08-27
947,Christopher,Robinson,christopher.robinson@gmail.com,4538409737,West Staceyfurt,WI,USA,2025-01-03
948,William,Ruiz,william.ruiz@yahoo.com,880.823.6516,West Sean,MA,USA,2024-11-06
949,Jessica,Pham,jessica.pham@gmail.com,+1-572-354-6254x89210,Port Lisa,AZ,USA,2025-08-15
950,Andrea,Wilkinson,andrea.wilkinson@gmail.com,(435)755-7430x59478,Robertsstad,MA,USA,2025-08-19
951,Lisa,Robinson,lisa.robinson@yahoo.com,3748961957,Danielhaven,AL,USA,2024-04-20
952,James,Walker,james.walker@gmail.com,428.207.9687x001,Amyville,CA,USA,2024-10-01
953,Melanie,Adams,melanie.adams@gmail.com,+1-875-588-1823x871,North Jacob,WA,USA,2024-04-14
954,Ronnie,Stanton,ronnie.stanton@hotmail.com,283.671.3750,Dianabury,NV,USA,2024-01-03
955,Matthew,Miranda,matthew.miranda@yahoo.com,440-719-9439x23436,Port Jenniferport,MI,USA,2025-03-13
956,Donald,Fox,donald.fox@hotmail.com,508.720.4988,West Debbie,OH,USA,2024-06-07
957,Jessica,Miles,jessica.miles@hotmail.com,913.649.0589,Hilltown,MD,USA,2025-03-19
958,Blake,Clay,blake.clay@yahoo.com,+1-880-299-7900,West Carolineport,OK,USA,2023-12-05
959,Tiffany,Perkins,tiffany.perkins@yahoo.com,(225)749-1488,South Sabrina,TX,USA,2024-04-22
960,Bryan,Morales,bryan.morales@gmail.com,001-804-565-1737,Dixonport,DE,USA,2024-01-17
961,Roberto,Diaz,roberto.diaz@gmail.com,001-837-706-9163x53793,Lake Thomas,OH,USA,2024-11-13
962,Brian,Sharp,brian.sharp@hotmail.com,+1-468-768-6832x42621,East Angelaland,AR,USA,2024-09-27
963,Rachel,Simmons,rachel.simmons@yahoo.com,640-491-0968x0259,Millerview,WA,USA,2024-04-10
964,Steven,Rowe,steven.rowe@hotmail.com,001-564-672-6077x63420,South Joseville,WA,USA,2025-07-05
965,Wendy,Garcia,wendy.garcia@gmail.com,+1-871-851-2852,North Paulmouth,KY,USA,2023-12-14
966,Matthew,Holmes,matthew.holmes@gmail.com,809-379-7577,Laurenmouth,NJ,USA,2024-12-12
967,Lawrence,Estrada,lawrence.estrada@gmail.com,+1-311-960-6662x37012,West Kenneth,SD,USA,2025-10-10
968,Shane,Davis,shane.davis@gmail.com,001-464-802-4048x6065,New Daniel,NH,USA,2025-01-23
969,Debra,Parker,debra.parker@hotmail.com,001-205-577-3819x16985,Port Jeffreyfort,MS,USA,2025-03-05
970,Gina,Morgan,gina.morgan@yahoo.com,+1-739-641-4008x962,Adrianside,KS,USA,2024-11-12
971,Michael,Monroe,michael.monroe@gmail.com,(330)980-8953x5344,West Miranda,AK,USA,2025-04-15
972,Jeremy,Johnson,jeremy.johnson@yahoo.com,001-947-330-8446x15237,North Thomasfurt,NH,USA,2025-05-14
973,Nicholas,Weiss,nicholas.weiss@hotmail.com,+1-855-769-8830x0541,Joelfurt,ME,USA,2025-04-21
974,Jeffrey,Martin,jeffrey.martin@yahoo.com,+1-281-200-9977x16429,New Ashleehaven,MS,USA,2025-01-13
975,Danielle,Hernandez,danielle.hernandez@hotmail.com,(620)736-7059,East Jamesshire,MA,USA,2025-03-27
976,Sherry,Smith,sherry.smith@hotmail.com,672.630.9361x49299,Hernandezhaven,WI,USA,2025-10-09
977,Dominic,Miranda,dominic.miranda@hotmail.com,835-606-8075,New Renee,NH,USA,2024-09-28
978,Carla,Ortiz,carla.ortiz@yahoo.com,664.509.1466x656,East Alexis,VA,USA,2025-03-13
979,Thomas,Golden,thomas.golden@hotmail.com,667.554.7265x40140,Marioside,WV,USA,2025-07-16
980,Joe,Peterson,joe.peterson@hotmail.com,4112344850,North Chelseashire,NY,USA,2025-07-18
981,Cole,Combs,cole.combs@hotmail.com,2649006469,Alejandrochester,NM,USA,2025-02-22
982,Daniel,Mitchell,daniel.mitchell@gmail.com,001-537-204-8295x00571,Martinhaven,AZ,USA,2025-03-21
983,Victoria,Chaney,victoria.chaney@gmail.com,533.465.6483,Benjaminport,AZ,USA,2024-01-18
984,Paul,Salazar,paul.salazar@yahoo.com,(588)891-9792x7605,Joshuaborough,RI,USA,2024-10-24
985,Julia,Quinn,julia.quinn@gmail.com,9693475391,West Daniel,WI,USA,2025-02-24
986,Charles,James,charles.james@hotmail.com,746-317-3807x17101,Lake Richardfort,PA,USA,2024-04-15
987,Matthew,Foster,matthew.foster@yahoo.com,756-474-8743x7020,Michelemouth,NE,USA,2024-09-24
988,Samantha,Mcguire,samantha.mcguire@gmail.com,+1-783-467-6017x8591,West Kevinton,OH,USA,2025-02-27
989,William,Barrett,william.barrett@gmail.com,508-479-2595x95741,North Megan,MO,USA,2025-06-18
990,Dawn,Figueroa,dawn.figueroa@gmail.com,001-844-852-2017x8171,Simsfort,MT,USA,2025-09-04
991,Alexandra,Nelson,alexandra.nelson@gmail.com,+1-847-699-0488,Batesstad,AR,USA,2024-01-27
992,Kimberly,Hoffman,kimberly.hoffman@hotmail.com,9583252768,Port Charlesfort,ME,USA,2025-03-06
993,Larry,Booth,larry.booth@hotmail.com,552-578-9368x8385,South Mariechester,WV,USA,2025-10-02
994,David,Horne,david.horne@hotmail.com,,Desireeburgh,SC,USA,2025-07-05
995,Deborah,Graham,deborah.graham@hotmail.com,339-981-6656,East Anna,SC,USA,2024-07-24
996,John,Patterson,john.patterson@hotmail.com,334-250-6687x65365,Michaelside,LA,USA,2024-04-29
997,Robin,Washington,robin.washington@hotmail.com,685-823-0579,South Melanieshire,OK,USA,2025-10-23
998,Jacob,Anderson,jacob.anderson@yahoo.com,(409)635-5763x91187,Kevinstad,NY,USA,2025-11-11
999,Michael,Watkins,michael.watkins@yahoo.com,487.535.2976,Port Aaron,OR,USA,2024-10-21
1000,Elizabeth,Ballard,elizabeth.ballard@gmail.com,001-697-897-8577x27297,Guerreromouth,WV,USA,2024-02-03
